gene_id,symbol,biotype,logFC,logCPM,F,PValue,FDR,regulation
ENSG00000163131,CTSS,protein_coding,6.31836287045575,6.20513939733929,25.2691119163851,8.89013384970764e-05,0.000694013399873898,Up
ENSG00000169245,CXCL10,protein_coding,5.66411534107023,8.09969163046019,65.761988746468,2.09259512153678e-07,6.44284782462811e-06,Up
ENSG00000138755,CXCL9,protein_coding,5.51082050460448,5.88725080809404,28.7981690816548,0.000173499932328108,0.00116476505321398,Up
ENSG00000108700,CCL8,protein_coding,5.35914843929292,6.0698409235669,22.9909587441235,0.000446644398296802,0.00243912915675387,Up
ENSG00000000938,FGR,protein_coding,5.3503843832474,4.23287012063108,14.0249176375711,0.00283188190503409,0.0105409757413541,Up
ENSG00000225492,GBP1P1,transcribed_unprocessed_pseudogene,5.28418259354685,3.31678236379474,32.9846274136499,9.03052794454037e-05,0.000702669510978778,Up
ENSG00000169248,CXCL11,protein_coding,5.18201280541939,6.93048624074359,47.996661727997,4.98916797311701e-06,7.45557046694034e-05,Up
ENSG00000200320,SNORA63,snoRNA,5.02012573320996,4.80286597913099,8.63630924449217,0.00881165727592622,0.0257902215888568,Up
ENSG00000216490,IFI30,protein_coding,4.90578065852038,6.14212196814573,21.7602856258919,0.000195181388519896,0.00126748221695627,Up
ENSG00000119922,IFIT2,protein_coding,4.74232383163065,8.41764361911439,121.068093835875,2.12609678882239e-09,2.59609497818329e-07,Up
ENSG00000168334,XIRP1,protein_coding,4.70494078006278,4.31673209126875,18.674719311162,0.00101078410197811,0.00465208172708096,Up
ENSG00000167772,ANGPTL4,protein_coding,4.63407030865087,7.14517980890702,110.332974500262,4.39161770861761e-09,4.23909801252102e-07,Up
ENSG00000131203,IDO1,protein_coding,4.62073697228623,5.98664368352179,23.6298641115798,0.00039940579424883,0.00223235961527339,Up
ENSG00000134321,RSAD2,protein_coding,4.61817979516217,7.25304854286798,121.762607498827,2.03261384014988e-09,2.59214195437357e-07,Up
ENSG00000162772,ATF3,protein_coding,4.56018934587154,7.78740935602668,642.471035045829,1.4023060605009e-15,5.00833609507898e-12,Up
ENSG00000129226,CD68,protein_coding,4.49899640400899,5.66587567046007,14.7859864307174,0.00119489431199164,0.00531452681852819,Up
ENSG00000154451,GBP5,protein_coding,3.94421611299686,5.465002651408,65.398595912556,2.17690452540233e-07,6.56102490504171e-06,Up
ENSG00000162654,GBP4,protein_coding,3.91353785720294,4.69923346781837,27.7215698812935,0.000204467030749863,0.00130987264631953,Up
ENSG00000108688,CCL7,protein_coding,3.85064064902437,3.9160285788651,21.3192471799879,0.000604699778608999,0.00309410495602011,Up
ENSG00000196611,MMP1,protein_coding,3.83402914483584,3.76290109099422,38.2668501428777,7.76567567378436e-06,0.000102913212129576,Up
ENSG00000136235,GPNMB,protein_coding,3.74174635241324,6.94311735876095,15.9288741945055,0.000864027433532114,0.00410355582295205,Up
ENSG00000100292,HMOX1,protein_coding,3.69829110701037,8.20175569873458,66.2930308953921,1.9758444600451e-07,6.16308164982628e-06,Up
ENSG00000119917,IFIT3,protein_coding,3.45608358288513,8.60304312939801,135.580644432556,8.68217737635356e-10,1.51260470729984e-07,Up
ENSG00000138646,HERC5,protein_coding,3.45157507835193,4.91496086014467,127.385033608628,1.42389330650331e-09,2.21105867138111e-07,Up
ENSG00000121769,FABP3,protein_coding,3.43363378886418,4.39898004540203,28.1301120843397,4.91378534324791e-05,0.000434515311041537,Up
ENSG00000134326,CMPK2,protein_coding,3.40930510023584,5.77728654052484,88.1063971393462,2.45187926382423e-08,1.40630247506315e-06,Up
ENSG00000168062,BATF2,protein_coding,3.30101365248091,4.27122283998132,54.7218143140701,8.67263300950149e-06,0.000112492080270696,Up
ENSG00000112096,SOD2,protein_coding,3.25103977762713,8.68527411711098,129.396517767179,1.25787057611108e-09,1.99665989448033e-07,Up
ENSG00000073756,PTGS2,protein_coding,3.21757964887805,3.82019217380994,21.6428934208375,0.000200637541526357,0.00129229392166165,Up
ENSG00000130164,LDLR,protein_coding,3.17846633697124,6.15396947138514,906.901768728555,6.66051384906237e-17,4.75760504238525e-13,Up
ENSG00000104419,NDRG1,protein_coding,3.16638193681577,7.11602363617098,78.1349501782065,5.99434110047556e-08,2.76242441810948e-06,Up
ENSG00000105835,NAMPT,protein_coding,3.13939655281342,8.53454284678694,263.401223942183,3.51348718511058e-12,2.83476512289267e-09,Up
ENSG00000141682,PMAIP1,protein_coding,3.09853209919282,7.57039290678851,75.2100592762972,7.93233633654898e-08,3.35270286698044e-06,Up
ENSG00000156510,HKDC1,protein_coding,3.0750229836412,3.34858232159601,25.4119736437403,8.38835874706562e-05,0.000662077862213146,Up
ENSG00000115963,RND3,protein_coding,3.04314597850602,8.04649083769818,227.080676540573,1.2694944622558e-11,6.47714210278086e-09,Up
ENSG00000121858,TNFSF10,protein_coding,2.9865262677584,5.85571876652475,22.6200314363542,0.000159910828100459,0.0010899265697725,Up
ENSG00000186480,INSIG1,protein_coding,2.98392035573221,6.77581196840907,147.891892258985,4.33198176898333e-10,8.84095593595655e-08,Up
ENSG00000233975,LINC02574,lncRNA,2.92624848232137,3.76247542463793,47.4160496051304,5.03967911141315e-06,7.49533920220523e-05,Up
ENSG00000090339,ICAM1,protein_coding,2.91306879126265,7.45394696437122,88.1647684759069,2.43970280990194e-08,1.40630247506315e-06,Up
ENSG00000111335,OAS2,protein_coding,2.90874115344421,5.46534679728707,49.6788504570774,1.45746523106821e-06,2.84444648784706e-05,Up
ENSG00000125347,IRF1,protein_coding,2.90497803485491,6.99983602868619,254.944067878345,4.45525314187329e-12,2.89307938112735e-09,Up
ENSG00000248323,LUCAT1,lncRNA,2.87817009000508,3.66582226767297,64.1014595855389,2.3505518341277e-07,6.93801312031991e-06,Up
ENSG00000147872,PLIN2,protein_coding,2.87729420164781,7.90324138071163,494.842134535408,1.38493284437146e-14,2.47314382683634e-11,Up
ENSG00000120217,CD274,protein_coding,2.87335272368527,7.42146197857107,48.0394058497246,1.82306020705796e-06,3.4000310859047e-05,Up
ENSG00000025708,TYMP,protein_coding,2.84497802170238,3.69142266049145,39.9217683918168,5.79244341486502e-06,8.30831793421302e-05,Up
ENSG00000099194,SCD,protein_coding,2.80617906001301,8.70940653269499,375.70334684394,1.51789341359285e-13,2.16846253065874e-10,Up
ENSG00000289316,,lncRNA,2.78308976362372,5.5496500852588,69.3410946580876,1.4310873742137e-07,4.96226073495556e-06,Up
ENSG00000023445,BIRC3,protein_coding,2.74899519295498,4.38910991636318,116.39702890026,2.61764645463112e-09,2.83300736748941e-07,Up
ENSG00000175197,DDIT3,protein_coding,2.68706897462144,7.6883901480974,100.642592277969,8.92810394278208e-09,7.00807103992224e-07,Up
ENSG00000176907,TCIM,protein_coding,2.673874356661,6.08381188793685,50.1681966505873,1.36474607788832e-06,2.70038261339509e-05,Up
ENSG00000196218,RYR1,protein_coding,2.66355328673329,4.00738677753835,76.3888400827461,2.73704698619572e-07,7.66695161662588e-06,Up
ENSG00000101255,TRIB3,protein_coding,2.65508043479779,6.63431599276274,48.56360958432,1.69611188371985e-06,3.22142138837489e-05,Up
ENSG00000140105,WARS1,protein_coding,2.64992373436024,10.4618076438935,72.6692449157095,1.01923152213021e-07,3.91417782934198e-06,Up
ENSG00000184557,SOCS3,protein_coding,2.6253759714676,7.21079426910175,43.0165513407552,3.75657393890672e-06,6.00295473056168e-05,Up
ENSG00000087074,PPP1R15A,protein_coding,2.60808587104319,7.29506981998323,150.44571560837,3.77473045663428e-10,8.36082698917764e-08,Up
ENSG00000272275,,lncRNA,2.57089147739272,3.80892669255513,69.9579456034415,1.25133946268017e-07,4.46345356126298e-06,Up
ENSG00000183486,MX2,protein_coding,2.52803977193715,4.93546508214603,17.4281465357626,0.000574816145232304,0.00296455720245079,Up
ENSG00000159399,HK2,protein_coding,2.49846173635003,4.94972524684927,137.149950515971,7.33410542052071e-10,1.37861881628367e-07,Up
ENSG00000164211,STARD4,protein_coding,2.48399363114742,4.82006644570507,259.859570744104,3.57173262019236e-12,2.83476512289267e-09,Up
ENSG00000089127,OAS1,protein_coding,2.48103328705069,5.7352956710037,66.9602049128806,1.83930787366277e-07,5.78774279364455e-06,Up
ENSG00000006210,CX3CL1,protein_coding,2.46573795659446,4.90386741673901,45.9543307361769,2.44378445664874e-06,4.36398809346048e-05,Up
ENSG00000136514,RTP4,protein_coding,2.44787321535918,3.51176557381062,41.6502910170739,4.41694793480594e-06,6.84387399095853e-05,Up
ENSG00000138166,DUSP5,protein_coding,2.43534216377501,5.84321149586919,103.782742119629,7.0502942194626e-09,5.78853466777257e-07,Up
ENSG00000132530,XAF1,protein_coding,2.41965803983122,4.25307473993047,45.1986417692897,2.70078301204466e-06,4.68244977063956e-05,Up
ENSG00000221963,APOL6,protein_coding,2.3986744161926,4.81146284889656,68.1861508494925,1.61492656399243e-07,5.29147726908163e-06,Up
ENSG00000107201,DDX58,protein_coding,2.38875985211327,7.00936304596757,69.7137847758125,1.37682787339376e-07,4.82092230375079e-06,Up
ENSG00000133106,EPSTI1,protein_coding,2.35680919935546,4.9531068654869,43.6741847038753,3.40565814669783e-06,5.55402195019695e-05,Up
ENSG00000122877,EGR2,protein_coding,2.34465745933161,3.92076581705455,35.5960737605951,1.1917153673214e-05,0.000145511502030373,Up
ENSG00000234518,PTGES3P1,processed_pseudogene,2.34075651528351,4.72135560629753,30.5907140493865,3.04098695999659e-05,0.000301691247989662,Up
ENSG00000117228,GBP1,protein_coding,2.33080002432969,7.653697103719,63.1142158552473,2.80187482039187e-07,7.81423912313541e-06,Up
ENSG00000111331,OAS3,protein_coding,2.3066267653615,5.99136177377245,82.2215889388657,4.11058651402057e-08,2.15896466688595e-06,Up
ENSG00000177294,FBXO39,protein_coding,2.30083302929299,3.31631129744859,20.6200813538817,0.000665792153823798,0.00334676520391512,Up
ENSG00000134802,SLC43A3,protein_coding,2.29721497782199,4.53879494747042,16.7031491071292,0.000698352029176023,0.00347861125830149,Up
ENSG00000137767,SQOR,protein_coding,2.28498423454495,4.43016082334796,12.7700440788631,0.00218552191656906,0.00858700937846687,Up
ENSG00000188313,PLSCR1,protein_coding,2.27916495149966,7.27616501817432,115.030053387966,3.1741466896814e-09,3.23898997205632e-07,Up
ENSG00000141458,NPC1,protein_coding,2.27760444801858,6.91761104558091,543.521454982863,6.09365435280812e-15,1.45089910140361e-11,Up
ENSG00000165030,NFIL3,protein_coding,2.27712059570319,5.54092170145237,347.306110807627,2.99083907377406e-13,3.56059391732802e-10,Up
ENSG00000168961,LGALS9,protein_coding,2.27568768149227,5.77028322017481,41.3076725178715,4.8720616811438e-06,7.35451418950282e-05,Up
ENSG00000072571,HMMR,protein_coding,2.23737504093955,3.51811466958333,69.9222680282508,1.25599071232516e-07,4.46345356126298e-06,Up
ENSG00000052795,FNIP2,protein_coding,2.22765902714002,5.23196372475056,71.139529978553,1.1893901694682e-07,4.30558492615305e-06,Up
ENSG00000130775,THEMIS2,protein_coding,2.20910331982864,4.02866483126494,52.789855065741,9.14723919008402e-07,1.97996150105364e-05,Up
ENSG00000162433,AK4,protein_coding,2.19863168840676,4.7914676673466,56.4899289083625,6.08182788495815e-07,1.43750651744094e-05,Up
ENSG00000107798,LIPA,protein_coding,2.17839243700455,6.62069459056512,16.0916924157945,0.000825838368124915,0.00397087051402844,Up
ENSG00000130513,GDF15,protein_coding,2.15353033648908,6.81649202982701,31.6367178924681,2.49884824211071e-05,0.000258418166012365,Up
ENSG00000134070,IRAK2,protein_coding,2.13950608071614,4.55627386876861,114.339270829953,3.01239954470158e-09,3.15887681104682e-07,Up
ENSG00000173193,PARP14,protein_coding,2.12134784990849,6.61285121277763,93.5704584903598,1.55649596871641e-08,1.06904333697513e-06,Up
ENSG00000164171,ITGA2,protein_coding,2.12041271323387,5.93579860746155,60.1818923998867,3.9160579448869e-07,1.00259505019094e-05,Up
ENSG00000001084,GCLC,protein_coding,2.11608483336794,6.66971360445453,90.1666232482946,2.06017897185297e-08,1.27963986051703e-06,Up
ENSG00000164949,GEM,protein_coding,2.11177832506556,5.41688086919257,73.5302096353259,9.3548751186682e-08,3.64406017798721e-06,Up
ENSG00000185947,ZNF267,protein_coding,2.10438748967377,4.44140450962601,74.7589926592674,7.69805528742101e-08,3.27304814988383e-06,Up
ENSG00000138642,HERC6,protein_coding,2.1005012666961,5.81966109031741,67.2039839288302,1.79206321768818e-07,5.68920336175407e-06,Up
ENSG00000111912,NCOA7,protein_coding,2.09998642630904,5.81114045818815,43.9669358076422,3.2613044679064e-06,5.38002258989732e-05,Up
ENSG00000128016,ZFP36,protein_coding,2.09928026595459,4.81111990432469,22.2934914968299,0.000172394178196408,0.00115880220026659,Up
ENSG00000101347,SAMHD1,protein_coding,2.09689141579242,6.14595536783165,86.4839070883854,2.81893698424322e-08,1.56238578808557e-06,Up
ENSG00000157601,MX1,protein_coding,2.07173405693875,8.49617723291912,91.1184152529829,1.90314798341407e-08,1.20302531376342e-06,Up
ENSG00000163814,CDCP1,protein_coding,2.06190720270518,5.26594455048417,71.4052094407269,1.1576983769206e-07,4.26159051271149e-06,Up
ENSG00000165891,E2F7,protein_coding,2.03123001174842,5.08537642521835,76.4705797730852,7.02266434522636e-08,3.08266903653113e-06,Up
ENSG00000175592,FOSL1,protein_coding,2.01503853316767,6.08101912687815,112.048990259432,3.75051867470906e-09,3.66985683471874e-07,Up
ENSG00000128590,DNAJB9,protein_coding,2.01360107147049,6.59909561470905,149.076490865368,3.63450947961002e-10,8.36082698917764e-08,Up
ENSG00000185745,IFIT1,protein_coding,2.00621221998385,6.94539052330391,80.9103129195443,4.63153020105833e-08,2.32979015677181e-06,Up
ENSG00000166825,ANPEP,protein_coding,1.98780255991862,4.85177486037955,7.41425768608031,0.0139985088428534,0.0374079119582872,Up
ENSG00000130303,BST2,protein_coding,1.97755335755153,6.90149101807728,36.4533535587574,1.06603723860622e-05,0.000134298130429705,Up
ENSG00000196743,GM2A,protein_coding,1.96411056338402,5.26509831387176,6.88775682677614,0.0172395463178649,0.0439793140530388,Up
ENSG00000134824,FADS2,protein_coding,1.96127692989402,7.90248383969962,219.124469090163,1.50439350022658e-11,7.163921848079e-09,Up
ENSG00000002549,LAP3,protein_coding,1.95491802462946,7.56608721699632,42.932263614664,3.80438840113272e-06,6.06579159582389e-05,Up
ENSG00000185022,MAFF,protein_coding,1.95445561582401,4.65423676474643,73.3636811984037,9.0296015681396e-08,3.60326502800118e-06,Up
ENSG00000118785,SPP1,protein_coding,1.95040750115553,9.13443694135034,82.8070052252207,3.89933074826651e-08,2.07857608469162e-06,Up
ENSG00000162645,GBP2,protein_coding,1.9263369527389,6.63103622972597,38.4482112591012,7.6626629579989e-06,0.000101736805778785,Up
ENSG00000184371,CSF1,protein_coding,1.91894866698176,6.84197375827246,59.841375811467,4.07467327662625e-07,1.03210607145182e-05,Up
ENSG00000141574,SECTM1,protein_coding,1.91141070837261,4.88593224518285,20.628608229234,0.000255548080071595,0.00156282528762963,Up
ENSG00000178860,MSC,protein_coding,1.88730272225389,4.59078982248945,30.4941540618083,3.09729701465036e-05,0.000305580007950933,Up
ENSG00000116514,RNF19B,protein_coding,1.87488658674555,5.29452470370616,44.2657688488037,3.12093586348538e-06,5.22080676179767e-05,Up
ENSG00000133321,PLAAT4,protein_coding,1.87061705138289,6.26889570828578,31.4833397277758,2.57114217584952e-05,0.000263874548305936,Up
ENSG00000121060,TRIM25,protein_coding,1.86200027670252,6.25943069947933,108.880640762758,4.68978445539675e-09,4.42710505073531e-07,Up
ENSG00000128335,APOL2,protein_coding,1.85191482263769,6.71762027083487,56.0866879165045,6.3899697484901e-07,1.47713766710242e-05,Up
ENSG00000168209,DDIT4,protein_coding,1.85176229606536,7.02738461813387,92.9858534286623,1.63226225314227e-08,1.0838408015014e-06,Up
ENSG00000059378,PARP12,protein_coding,1.82523142584021,5.37713087307054,93.0222062782389,1.5554151632174e-08,1.06904333697513e-06,Up
ENSG00000143333,RGS16,protein_coding,1.82088213503736,5.92285409261151,36.3142180801181,1.09137866573047e-05,0.000136288772890083,Up
ENSG00000151014,NOCT,protein_coding,1.81960984396014,4.51789431136696,35.457888602404,1.24945069780703e-05,0.000150307865650218,Up
ENSG00000049130,KITLG,protein_coding,1.7890640796954,5.11993974061314,27.1286508155108,6.01991542572064e-05,0.00051018356334951,Up
ENSG00000185885,IFITM1,protein_coding,1.78378519469966,9.22045289935044,23.3841031213691,0.000134452770513187,0.000950887267104651,Up
ENSG00000059728,MXD1,protein_coding,1.77989161911534,4.08235213246516,117.623771949343,2.5489890751715e-09,2.80114291753077e-07,Up
ENSG00000144655,CSRNP1,protein_coding,1.76618053258216,4.9665123765019,46.9503104642852,2.12202677431331e-06,3.85690515239695e-05,Up
ENSG00000135473,PAN2,protein_coding,1.76114815732275,7.41185803547345,68.3645592356602,1.58488751475538e-07,5.25973340253282e-06,Up
ENSG00000258967,HMGN1P3,processed_pseudogene,1.759867952764,4.87116802388953,22.338675470392,0.000170603812916389,0.00114964437326582,Up
ENSG00000068079,IFI35,protein_coding,1.75897959663807,6.08229413531424,47.956644664993,1.8440525650758e-06,3.43022590425428e-05,Up
ENSG00000137959,IFI44L,protein_coding,1.75295552332428,6.64134658432377,52.5014945363166,1.00406128669988e-06,2.11563710055965e-05,Up
ENSG00000271303,SRXN1,protein_coding,1.74644479610994,7.53352255629832,190.201386943053,4.89852146119951e-11,1.666197085588e-08,Up
ENSG00000143479,DYRK3,protein_coding,1.74435795884952,4.01976353326273,79.8308437299366,4.73349678263651e-08,2.35998184302163e-06,Up
ENSG00000152413,HOMER1,protein_coding,1.73490172413343,3.95329031660571,27.3122177456693,5.62800534830135e-05,0.000484347496420682,Up
ENSG00000163840,DTX3L,protein_coding,1.73042292105488,6.21003366988692,172.588011307464,1.09303575189824e-10,3.12302175032364e-08,Up
ENSG00000059804,SLC2A3,protein_coding,1.72706456432948,6.24872444000715,117.54904350004,2.42197516139986e-09,2.74605850442527e-07,Up
ENSG00000138035,PNPT1,protein_coding,1.71414812481827,5.37698368287226,85.6473917199026,2.82161230103651e-08,1.56238578808557e-06,Up
ENSG00000133874,RNF122,protein_coding,1.70814095123422,4.45919546639275,19.7644025704197,0.000315752092388895,0.00183367251701941,Up
ENSG00000137628,DDX60,protein_coding,1.69920630233711,4.7003786465044,67.8096394205024,1.58198201828242e-07,5.25973340253282e-06,Up
ENSG00000249992,TMEM158,protein_coding,1.67780315588155,5.17436172663651,55.7515140269056,6.65934043819695e-07,1.52950703376337e-05,Up
ENSG00000166750,SLFN5,protein_coding,1.66951843411569,5.38720191648703,42.3651669482906,4.14425238333264e-06,6.46340497252076e-05,Up
ENSG00000067082,KLF6,protein_coding,1.66934595922931,6.01676746225193,100.654600263059,8.14112179031641e-09,6.46133699424779e-07,Up
ENSG00000120334,CENPL,protein_coding,1.65580494678685,4.30084138784727,70.2775569277831,1.21051509518751e-07,4.34508006277608e-06,Up
ENSG00000160213,CSTB,protein_coding,1.65515175577258,8.20470720101401,9.66109529515338,0.00609631207150669,0.0192851891615466,Up
ENSG00000108551,RASD1,protein_coding,1.65394826550482,3.96993312107121,18.4810423927861,0.000432206163947726,0.00237380709651866,Up
ENSG00000130589,HELZ2,protein_coding,1.65044854542293,5.53430310162451,46.2959230629718,2.32768873840716e-06,4.16708788432139e-05,Up
ENSG00000156587,UBE2L6,protein_coding,1.65011699679626,7.2507469056433,63.6005583657261,2.65370065477272e-07,7.53969412616258e-06,Up
ENSG00000134324,LPIN1,protein_coding,1.64128516549509,5.79860410792963,209.145336660833,2.22225278466144e-11,9.9209697755229e-09,Up
ENSG00000100219,XBP1,protein_coding,1.62878067506964,7.75802222533857,94.0663175377068,1.42861979034542e-08,1.01876065060142e-06,Up
ENSG00000171621,SPSB1,protein_coding,1.62666354075223,5.81036286758923,27.3828115803528,5.71504494749254e-05,0.00049006681944705,Up
ENSG00000259052,,lncRNA,1.62398275544124,3.93451726650887,13.844183608,0.00157585535228943,0.00665268013085307,Up
ENSG00000166471,TMEM41B,protein_coding,1.61893084108815,5.00131910348606,231.880011992245,9.35242270185909e-12,5.13879656610611e-09,Up
ENSG00000105939,ZC3HAV1,protein_coding,1.61716632746964,5.5450821158063,119.121031305017,2.1806761681506e-09,2.59609497818329e-07,Up
ENSG00000123609,NMI,protein_coding,1.61481041145956,5.88253203483675,90.8478010949511,1.79432346254826e-08,1.14436182973055e-06,Up
ENSG00000118515,SGK1,protein_coding,1.61412878684035,5.78339033237523,11.6206729857631,0.00314714189726774,0.0114752601185214,Up
ENSG00000112972,HMGCS1,protein_coding,1.60781050118,6.82932046696016,119.358654789953,2.14658125474013e-09,2.59609497818329e-07,Up
ENSG00000116741,RGS2,protein_coding,1.60484129540983,5.49441577902697,25.9257410193606,7.73142385274423e-05,0.000625431037147815,Up
ENSG00000158201,ABHD3,protein_coding,1.59398310680741,3.86902025078109,23.604791828991,0.000124759234988308,0.000901978963078427,Up
ENSG00000135148,TRAFD1,protein_coding,1.59206778525874,6.63248100490023,36.9255279945108,9.84797449990492e-06,0.000125583904570263,Up
ENSG00000047365,ARAP2,protein_coding,1.58879937311841,3.90611117054339,26.2358269061421,7.04003749378745e-05,0.000582025321969025,Up
ENSG00000139370,SLC15A4,protein_coding,1.58435099782166,5.39450266396349,239.789679983361,7.04955473506629e-12,4.19624745604821e-09,Up
ENSG00000172893,DHCR7,protein_coding,1.58200370501542,5.83352805373947,61.5546798985464,3.33560405626728e-07,8.75963962276366e-06,Up
ENSG00000137033,IL33,protein_coding,1.58066496163562,3.73107988539638,10.0961375063847,0.00521527233119454,0.0170727269760415,Up
ENSG00000067066,SP100,protein_coding,1.57870691442763,7.03613585703163,60.8420058197447,3.62775623787672e-07,9.38879087215704e-06,Up
ENSG00000104312,RIPK2,protein_coding,1.57805415911544,4.44353157934734,37.3291996596172,8.88286949464299e-06,0.000114738402893734,Up
ENSG00000149485,FADS1,protein_coding,1.56924969983436,6.30361660251416,92.1150898093959,1.63873451717978e-08,1.0838408015014e-06,Up
ENSG00000181381,DDX60L,protein_coding,1.55367630559963,4.47270064380901,52.6138780433039,9.35863126587515e-07,2.00386452570371e-05,Up
ENSG00000057252,SOAT1,protein_coding,1.54985577204685,6.25402846020057,101.325773240336,7.73323878477931e-09,6.20657580221108e-07,Up
ENSG00000165997,ARL5B,protein_coding,1.54917095514104,4.71359987520681,44.780252307972,2.82232824239426e-06,4.85780497239089e-05,Up
ENSG00000280987,,protein_coding,1.53998257433671,5.23254242414786,64.7176221762473,2.3090017132904e-07,6.84365113611341e-06,Up
ENSG00000234684,SDCBP2-AS1,lncRNA,1.53795817040457,4.407698247162,241.666663830979,4.72727427636634e-11,1.666197085588e-08,Up
ENSG00000177426,TGIF1,protein_coding,1.53674250913702,7.43256776035206,256.445164955421,3.99550560662949e-12,2.85398965481544e-09,Up
ENSG00000096968,JAK2,protein_coding,1.53635499944439,3.96384350370058,23.3653513061785,0.000131675455907736,0.000937744547905239,Up
ENSG00000151136,BTBD11,protein_coding,1.53307751172539,3.9128538970675,54.6500466987772,7.20970151046837e-07,1.62971195852138e-05,Up
ENSG00000163644,PPM1K,protein_coding,1.52843050332788,4.44433506731112,85.1276099035766,2.92506618572869e-08,1.60721136651231e-06,Up
ENSG00000121039,RDH10,protein_coding,1.52268354042224,5.85260804000304,56.0194843521057,6.38350514307227e-07,1.47713766710242e-05,Up
ENSG00000172059,KLF11,protein_coding,1.52164712119002,4.12817904601168,128.224217818841,1.0349262370973e-07,3.95319685111553e-06,Up
ENSG00000170006,TMEM154,protein_coding,1.52148339528354,3.93272020468333,40.4447652785455,5.33163701083905e-06,7.75639168399661e-05,Up
ENSG00000171310,CHST11,protein_coding,1.50475001679602,4.18357840140721,72.865618848914,9.29474995994754e-08,3.64406017798721e-06,Up
ENSG00000176171,BNIP3,protein_coding,1.50356105139593,6.6754947724804,27.6208581469356,5.4450259229607e-05,0.000470869493555791,Up
ENSG00000136244,IL6,protein_coding,1.50238522732505,4.66180388886524,25.7029471545953,8.10456755128218e-05,0.000645383790622169,Up
ENSG00000023909,GCLM,protein_coding,1.49923905786367,6.3606428239026,143.40643489284,4.94814739656293e-10,9.81794912601362e-08,Up
ENSG00000107984,DKK1,protein_coding,1.49384237620133,4.47972739615622,6.97067431520869,0.0166769770489872,0.0428507205335204,Up
ENSG00000135047,CTSL,protein_coding,1.49170931060896,7.97580676593038,68.086943622181,1.61216288349408e-07,5.29147726908163e-06,Up
ENSG00000011422,PLAUR,protein_coding,1.48380150257069,7.18654959988418,29.2280582720982,3.95387949390429e-05,0.000370089139696955,Up
ENSG00000130066,SAT1,protein_coding,1.48310144730756,9.68254059953059,88.7944158832823,2.1266023854589e-08,1.2873153253672e-06,Up
ENSG00000123983,ACSL3,protein_coding,1.4817784731148,6.87765437244792,166.436712329459,1.47248319514438e-10,3.75640980818441e-08,Up
ENSG00000051108,HERPUD1,protein_coding,1.47660381549156,8.556854966395,54.8348925039923,7.46277682590119e-07,1.68159668351458e-05,Up
ENSG00000150630,VEGFC,protein_coding,1.45845524283155,4.50796365657092,13.6409917102184,0.00167481834467166,0.00697971262309782,Up
ENSG00000239713,APOBEC3G,protein_coding,1.45134170357685,4.1201565476736,33.8719497167403,1.60503833076848e-05,0.000182298607452747,Up
ENSG00000173334,TRIB1,protein_coding,1.44768591558156,4.15129810053283,51.5141743879269,1.08092473010557e-06,2.25103362890498e-05,Up
ENSG00000132109,TRIM21,protein_coding,1.43210186427054,5.76766864804532,78.7022708112785,5.26262271277638e-08,2.55720503655521e-06,Up
ENSG00000139289,PHLDA1,protein_coding,1.42745541310014,7.99011847187539,102.829862570603,6.89911030203999e-09,5.73027266133391e-07,Up
ENSG00000130766,SESN2,protein_coding,1.42599196656814,5.79906278649778,41.495176959396,4.73325794611805e-06,7.20888305098534e-05,Up
ENSG00000172216,CEBPB,protein_coding,1.42530465073521,5.11578305737678,65.2101954020318,2.07937276573596e-07,6.42985266911342e-06,Up
ENSG00000177409,SAMD9L,protein_coding,1.42169092400999,4.58436156435024,21.4779579413887,0.000208592842184123,0.00132915135746761,Up
ENSG00000113161,HMGCR,protein_coding,1.41638591429484,5.54279811398248,40.806718653956,5.2656384401089e-06,7.6779668188623e-05,Up
ENSG00000056558,TRAF1,protein_coding,1.41417198969468,3.98057354971333,39.128732339486,6.57800877914306e-06,9.07211308833918e-05,Up
ENSG00000163661,PTX3,protein_coding,1.41131914497506,4.94343643880747,61.8097064490597,3.04615188172352e-07,8.24191776179965e-06,Up
ENSG00000161011,SQSTM1,protein_coding,1.41042826312783,9.51896595244101,39.915824385243,6.05604935433057e-06,8.63256345048157e-05,Up
ENSG00000134107,BHLHE40,protein_coding,1.40773510066871,6.48826334689496,23.419948913513,0.000133374581166582,0.000946072128374279,Up
ENSG00000196116,TDRD7,protein_coding,1.40452903891682,4.50833930037555,56.8119893663863,5.50951591523443e-07,1.32506640345184e-05,Up
ENSG00000114127,XRN1,protein_coding,1.38463287695477,4.54575903060174,33.9695418857878,1.59016549089816e-05,0.000181157130805192,Up
ENSG00000151790,TDO2,protein_coding,1.3833824673351,3.71941158445171,64.0255985784683,1.55195837497685e-06,2.98804276885705e-05,Up
ENSG00000133134,BEX2,protein_coding,1.37885029220372,5.8301628430283,46.6956053953555,2.19957154848081e-06,3.9575666425185e-05,Up
ENSG00000133639,BTG1,protein_coding,1.37553858541092,7.37780513341963,169.97749951939,1.23889914185045e-10,3.40363714239914e-08,Up
ENSG00000011021,CLCN6,protein_coding,1.37466142757363,4.59908811436284,28.4796006890925,4.58265257199327e-05,0.000410713768152421,Up
ENSG00000153879,CEBPG,protein_coding,1.36844363654161,5.69835469793421,35.9212438915676,1.16664801028373e-05,0.000143184995488947,Up
ENSG00000052802,MSMO1,protein_coding,1.36647546910591,6.97236491354171,113.18477322597,3.26255199465802e-09,3.28231111237214e-07,Up
ENSG00000140853,NLRC5,protein_coding,1.36104329069,5.34175215977373,63.8503391388696,2.41740383166257e-07,7.06992195894571e-06,Up
ENSG00000162490,DRAXIN,protein_coding,1.35721603200463,5.29846178605948,93.2878483395986,1.46027719476065e-08,1.02262352962503e-06,Up
ENSG00000126709,IFI6,protein_coding,1.35615671969427,8.12517871288466,15.2506853180555,0.00104576590643955,0.00477005483377888,Up
ENSG00000113013,HSPA9,protein_coding,1.35517296972016,8.25284628166591,147.864510990908,3.86262481650374e-10,8.36082698917764e-08,Up
ENSG00000124201,ZNFX1,protein_coding,1.35367247310634,6.17104732886829,117.306101393361,2.46184718424605e-09,2.74765225579211e-07,Up
ENSG00000149131,SERPING1,protein_coding,1.34870288714943,5.78201268001203,25.2121957912418,8.99934571616785e-05,0.000701006831522213,Up
ENSG00000198900,TOP1,protein_coding,1.34790125323427,7.13180362008559,72.8546543203253,9.38691128026945e-08,3.64406017798721e-06,Up
ENSG00000177150,FAM210A,protein_coding,1.34753243533352,4.54262255360636,102.606014726598,1.73677724336558e-08,1.12950351102826e-06,Up
ENSG00000146457,WTAP,protein_coding,1.34042671608125,7.51997862401851,119.919099544029,2.06848790983191e-09,2.59214195437357e-07,Up
ENSG00000001630,CYP51A1,protein_coding,1.33854646184526,6.47474144571721,82.8951343796189,3.5718109463421e-08,1.93283678710012e-06,Up
ENSG00000198911,SREBF2,protein_coding,1.32885740297447,6.28347002402652,179.856236424995,7.78081960752017e-11,2.35982262968742e-08,Up
ENSG00000164300,SERINC5,protein_coding,1.32645716101604,5.33167859038726,196.91662863486,3.67213388135221e-11,1.38052906918415e-08,Up
ENSG00000104635,SLC39A14,protein_coding,1.32541066629303,6.6069405261171,124.166581399298,1.5695614538357e-09,2.24675906253776e-07,Up
ENSG00000044574,HSPA5,protein_coding,1.32283777283833,9.4393775245745,77.536295896021,5.87925461368657e-08,2.74480494807602e-06,Up
ENSG00000166889,PATL1,protein_coding,1.31635408203961,5.30005467636528,105.211507301194,5.77515984870626e-09,5.0307276584523e-07,Up
ENSG00000177888,ZBTB41,protein_coding,1.31273395414144,4.26299528424331,44.3502657759519,2.93796075651721e-06,4.97936539401909e-05,Up
ENSG00000173221,GLRX,protein_coding,1.30231364190981,6.71260683844865,45.4348763045198,2.63287536904474e-06,4.58698262465526e-05,Up
ENSG00000137575,SDCBP,protein_coding,1.29774519265777,8.27220999769439,54.9484563716121,7.19979357430971e-07,1.62971195852138e-05,Up
ENSG00000149948,HMGA2,protein_coding,1.29471856842545,4.76829196559453,22.538055458419,0.000162947171637672,0.00110325274597904,Up
ENSG00000213516,RBMXL1,protein_coding,1.29356959375067,4.31673321876121,72.6247421322932,2.13893887460499e-07,6.49181668192954e-06,Up
ENSG00000155368,DBI,protein_coding,1.29133379843287,8.47945280383313,19.1764724885375,0.000365721377574715,0.00207493868150611,Up
ENSG00000070961,ATP2B1,protein_coding,1.29016653270786,5.77176126873668,104.118530316172,6.26349846320788e-09,5.32621065746356e-07,Up
ENSG00000151012,SLC7A11,protein_coding,1.28981907684461,6.99266821301855,36.3412551046949,1.086402269993e-05,0.000136121539329453,Up
ENSG00000155090,KLF10,protein_coding,1.28957559205698,5.74062193716225,41.5563479113707,4.6039307029826e-06,7.05705515266195e-05,Up
ENSG00000108179,PPIF,protein_coding,1.28757138970943,5.34583561670249,23.1708547914824,0.000141071199787878,0.000989854204405515,Up
ENSG00000138678,GPAT3,protein_coding,1.28020646274771,4.28185551988448,16.5525655683925,0.000727573205159991,0.00358912666053716,Up
ENSG00000215472,RPL17-C18orf32,protein_coding,1.27919923021313,7.21023447760255,60.8596117410712,3.50305954104869e-07,9.09903792789484e-06,Up
ENSG00000145779,TNFAIP8,protein_coding,1.27404166846904,4.40815217168033,33.4945812534591,1.71727019700942e-05,0.00019028876287314,Up
ENSG00000151617,EDNRA,protein_coding,1.2721642863327,4.56672848417406,20.1650724504396,0.000286070762556877,0.00170137136749449,Up
ENSG00000187193,MT1X,protein_coding,1.2710157707198,4.7489728340741,18.2572400285642,0.000462512265427293,0.0024994803689182,Up
ENSG00000205413,SAMD9,protein_coding,1.27094018580413,4.32883322706327,38.4923080533294,7.29446264007791e-06,9.83100879963708e-05,Up
ENSG00000197930,ERO1A,protein_coding,1.26782331949906,5.08883821521862,40.8458455240382,5.14446930740334e-06,7.5923438559467e-05,Up
ENSG00000139318,DUSP6,protein_coding,1.26519830117018,5.91046253337459,27.1495663045173,5.99415482053001e-05,0.000509717236702927,Up
ENSG00000167996,FTH1,protein_coding,1.26347406906132,13.1990599922578,62.1790758262666,2.92002103890919e-07,7.99145987775032e-06,Up
ENSG00000101670,LIPG,protein_coding,1.26093457104076,6.22159265741653,76.2787438594882,6.63579587536679e-08,2.98109999608459e-06,Up
ENSG00000163565,IFI16,protein_coding,1.25984573085949,7.99252442609403,93.8350903620204,1.39640059053539e-08,1.00752418365599e-06,Up
ENSG00000168917,SLC35G2,protein_coding,1.25697179914554,4.06205608451278,48.3876516033508,1.06978180543691e-05,0.000134532595708378,Up
ENSG00000170525,PFKFB3,protein_coding,1.25614913447573,6.46176432843012,45.0251677692488,2.78383318489802e-06,4.80312087916101e-05,Up
ENSG00000176887,SOX11,protein_coding,1.25324083878896,4.37068938780235,31.1857470487841,2.62682359306411e-05,0.000268432059016551,Up
ENSG00000196843,ARID5A,protein_coding,1.25130764181613,4.55794333384708,16.5208678169121,0.00073389662805483,0.00361283502012106,Up
ENSG00000100644,HIF1A,protein_coding,1.24894081306535,8.54684207922751,56.0070791266844,6.16232928567831e-07,1.43848098325491e-05,Up
ENSG00000170340,B3GNT2,protein_coding,1.24886399967497,4.86073871319676,56.1860176611057,5.9508026002651e-07,1.41217883633534e-05,Up
ENSG00000169155,ZBTB43,protein_coding,1.2482658892842,4.15025406094333,22.302469886809,0.000167989402688432,0.00113309565949336,Up
ENSG00000223496,EXOSC6,protein_coding,1.24557675757493,4.26720978422912,42.8214525053437,3.69251893646055e-06,5.92711522767139e-05,Up
ENSG00000145780,FEM1C,protein_coding,1.24501430752497,4.67048510458539,45.5752251737247,2.45631958520461e-06,4.37543411399415e-05,Up
ENSG00000240065,PSMB9,protein_coding,1.24311890254915,4.26037447830516,47.9292187664641,1.75819601940247e-06,3.32243231920418e-05,Up
ENSG00000137193,PIM1,protein_coding,1.24270145768543,4.64599405570509,19.5810555347697,0.000330467104712583,0.0018990559364135,Up
ENSG00000155304,HSPA13,protein_coding,1.2412360646612,6.61895045523915,77.0623750476557,6.15249565552948e-08,2.81713310688763e-06,Up
ENSG00000142657,PGD,protein_coding,1.24001710159744,9.11197872705369,66.7972826782752,1.74886155045767e-07,5.5868798522262e-06,Up
ENSG00000165029,ABCA1,protein_coding,1.2362146837661,6.61459771122111,114.406400868209,2.99852365353395e-09,3.15887681104682e-07,Up
ENSG00000185880,TRIM69,protein_coding,1.2321516725751,5.88987891086292,146.000087485132,4.28062618752589e-10,8.84095593595655e-08,Up
ENSG00000088448,ANKRD10,protein_coding,1.2250094547534,7.46270043741149,63.8682085241063,2.413057191882e-07,7.06992195894571e-06,Up
ENSG00000113742,CPEB4,protein_coding,1.22244227440096,5.15870003273172,62.5113298071974,2.81150700636399e-07,7.81423912313541e-06,Up
ENSG00000150991,UBC,protein_coding,1.21724043309806,11.5566923596794,124.135373722581,1.57269988977864e-09,2.24675906253776e-07,Up
ENSG00000156502,SUPV3L1,protein_coding,1.21477540411466,5.59087014144407,59.7772648685576,3.85815368993715e-07,9.91323446302916e-06,Up
ENSG00000117226,GBP3,protein_coding,1.21276965830783,6.83373939424711,30.6436325995266,3.01061092674203e-05,0.000299509663645102,Up
ENSG00000196954,CASP4,protein_coding,1.20304643573625,4.26841992454627,8.00400906535165,0.0111580383785946,0.0313158584106353,Up
ENSG00000131370,SH3BP5,protein_coding,1.20074360319543,6.91719654495351,197.318900711902,3.61032995749424e-11,1.38052906918415e-08,Up
ENSG00000095794,CREM,protein_coding,1.20005721034473,6.30715549256758,67.2196802073929,1.67113329093309e-07,5.45064159686531e-06,Up
ENSG00000157557,ETS2,protein_coding,1.19812463032199,5.00441363748193,42.5472874142282,3.84943189426042e-06,6.11033156015603e-05,Up
ENSG00000128342,LIF,protein_coding,1.19147754313489,6.28472765177996,29.5670792602259,3.7011826137075e-05,0.000349703008064983,Up
ENSG00000137965,IFI44,protein_coding,1.19111962719818,6.88007608078842,49.9141397530452,1.38411375689346e-06,2.73113938273205e-05,Up
ENSG00000129667,RHBDF2,protein_coding,1.18265495194983,4.76393358308331,25.3919939787106,8.65934304935451e-05,0.000679710850566365,Up
ENSG00000144802,NFKBIZ,protein_coding,1.17954360596323,4.52909696694904,19.4481343130623,0.000340935551724427,0.00195136429965351,Up
ENSG00000166401,SERPINB8,protein_coding,1.1696963495331,5.24590758915848,62.7785723220677,2.72747299691289e-07,7.66695161662588e-06,Up
ENSG00000166173,LARP6,protein_coding,1.16742791106235,5.77964432529019,52.7200109227616,9.23049768044868e-07,1.99194697678081e-05,Up
ENSG00000279267,,TEC,1.16200121917404,4.39836068681787,89.2807119098918,9.38885530075036e-07,2.00386452570371e-05,Up
ENSG00000108582,CPD,protein_coding,1.16132129789133,6.84261782352306,53.5945036558671,8.30256879850211e-07,1.83607581819506e-05,Up
ENSG00000113070,HBEGF,protein_coding,1.15981278871948,6.12239238244209,50.2004392074228,1.28794536987678e-06,2.57697304678707e-05,Up
ENSG00000165949,IFI27,protein_coding,1.1552507175005,6.12959563783047,10.9821119693756,0.00388135824865958,0.0135705051249023,Up
ENSG00000138018,SELENOI,protein_coding,1.15505838889574,4.12733925653465,42.8979285255882,4.37807281487117e-05,0.000396357086395751,Up
ENSG00000109814,UGDH,protein_coding,1.15379378568597,6.59354340028931,54.6591534078347,7.2014157084074e-07,1.62971195852138e-05,Up
ENSG00000143751,SDE2,protein_coding,1.15295079483938,4.71000276456723,63.3004581067511,2.57129341168223e-07,7.37620435327155e-06,Up
ENSG00000124226,RNF114,protein_coding,1.14934474180379,6.72509581184201,81.2363257094312,4.15543040151757e-08,2.16658681445547e-06,Up
ENSG00000006451,RALA,protein_coding,1.14805707659076,6.24611195419032,62.0248641653962,2.97196112303089e-07,8.10256423733192e-06,Up
ENSG00000155380,SLC16A1,protein_coding,1.14696715461251,6.9107361136873,70.7620383169307,1.15142358703465e-07,4.26159051271149e-06,Up
ENSG00000173821,RNF213,protein_coding,1.1356949530724,5.89676503858502,62.2767332143958,2.88765092027544e-07,7.93326558597211e-06,Up
ENSG00000069956,MAPK6,protein_coding,1.13367452167297,5.90495731240743,87.6093020462682,2.35450974000415e-08,1.38993909692972e-06,Up
ENSG00000148339,SLC25A25,protein_coding,1.1272943736638,4.39777040098236,63.9552745287027,1.4204936013939e-05,0.000165253840305483,Up
ENSG00000074410,CA12,protein_coding,1.12694719823423,4.89487266697514,18.0502573254161,0.000488056825183279,0.00261333575883371,Up
ENSG00000113615,SEC24A,protein_coding,1.1266069128853,4.90625659559811,44.4601389204065,2.89073013399198e-06,4.91695559218728e-05,Up
ENSG00000169359,SLC33A1,protein_coding,1.12132261620757,5.60887128486597,117.631036962058,2.40868058409663e-09,2.74605850442527e-07,Up
ENSG00000111341,MGP,protein_coding,1.11828231682681,6.05071265210017,14.1667653136598,0.00143188753849365,0.00617258460317448,Up
ENSG00000167106,FAM102A,protein_coding,1.11375686007931,5.42921123210158,18.3627215410828,0.000450070662024545,0.00245221566654563,Up
ENSG00000103855,CD276,protein_coding,1.11172901361711,7.79958213291411,122.942424661036,1.69805964288891e-09,2.28853585455764e-07,Up
ENSG00000138821,SLC39A8,protein_coding,1.10661309838461,4.50122664463721,28.6614750754159,4.28396139883534e-05,0.000391809683378756,Up
ENSG00000117152,RGS4,protein_coding,1.10591568481234,6.75112103916311,6.63356404237222,0.0191026906225255,0.0474940894941523,Up
ENSG00000147416,ATP6V1B2,protein_coding,1.10467364641451,7.41683577389764,95.8028712838396,1.19109158069646e-08,8.77110016589155e-07,Up
ENSG00000154642,C21orf91,protein_coding,1.10353785638797,4.80463581695331,33.7494555621008,1.64054894396359e-05,0.000184833455942144,Up
ENSG00000145685,LHFPL2,protein_coding,1.10191153368631,5.15714079351463,17.1757569174261,0.000614816303244974,0.00312794362826129,Up
ENSG00000065833,ME1,protein_coding,1.10046971269472,5.9218286301457,35.4540149073235,1.24492762479506e-05,0.000150307865650218,Up
ENSG00000251141,MRPS30-DT,lncRNA,1.09931632196258,4.8002294462299,26.1556301697958,7.35932341664186e-05,0.000603667241532433,Up
ENSG00000173281,PPP1R3B,protein_coding,1.09538361253531,3.98358937573456,42.6055227539509,0.00015418875147539,0.00105900985748915,Up
ENSG00000251201,TMED7-TICAM2,protein_coding,1.09483515977062,4.04804722758856,58.8364545288721,6.57569500423652e-05,0.000549358940529374,Up
ENSG00000211459,MT-RNR1,Mt_rRNA,1.09297968632761,11.2769833412073,32.0214491849407,2.29842027005104e-05,0.000243223940577401,Up
ENSG00000140941,MAP1LC3B,protein_coding,1.09260543327299,8.30262332433328,101.689941926024,7.52146361797698e-09,6.1052062071829e-07,Up
ENSG00000130294,KIF1A,protein_coding,1.09133641933517,4.78537728020641,13.305076716228,0.00185403644389955,0.00751826354704312,Up
ENSG00000163162,RNF149,protein_coding,1.08749311817138,5.76833927468562,57.3431677525089,5.16346854601023e-07,1.26310465151202e-05,Up
ENSG00000116954,RRAGC,protein_coding,1.08661333076476,6.30664559086297,134.312086957908,8.38405485921768e-10,1.51260470729984e-07,Up
ENSG00000153071,DAB2,protein_coding,1.08656418069378,6.37044122014681,19.2641329666819,0.000357740795543526,0.00203450836191672,Up
ENSG00000104549,SQLE,protein_coding,1.0825117088954,5.9677236723462,57.251125264495,5.22166062804613e-07,1.27298026846872e-05,Up
ENSG00000116285,ERRFI1,protein_coding,1.08230463911034,9.00278901683915,42.2517051226265,4.06731644325683e-06,6.37123713907534e-05,Up
ENSG00000160888,IER2,protein_coding,1.08150277007696,5.43088548620291,39.7681770836527,5.93683750748771e-06,8.48136606319695e-05,Up
ENSG00000115594,IL1R1,protein_coding,1.07698487072616,4.32774440525917,15.9857898374329,0.000836958007631417,0.00400160043407711,Up
ENSG00000163347,CLDN1,protein_coding,1.06568018259191,4.3943268827848,24.097636567292,0.000111760116384532,0.000832432232882911,Up
ENSG00000129315,CCNT1,protein_coding,1.06390443955383,4.5143224677591,68.2795001287712,1.25239216339745e-05,0.000150350205431058,Up
ENSG00000133961,NUMB,protein_coding,1.06294339728932,5.85005588991406,17.9784795449285,0.000497279682036466,0.00265277727317885,Up
ENSG00000120306,CYSTM1,protein_coding,1.06244503464306,6.60310271879232,75.433512431137,7.20489763635966e-08,3.13808437905592e-06,Up
ENSG00000284879,,lncRNA,1.06240269537908,4.38651107202726,34.3966746991517,1.90980370715944e-05,0.000208270654660151,Up
ENSG00000197063,MAFG,protein_coding,1.06219195572709,5.75919712778219,45.9493274083822,2.3272462184884e-06,4.16708788432139e-05,Up
ENSG00000136997,MYC,protein_coding,1.06186153660846,5.11889167100974,31.7361492514458,2.3693106914847e-05,0.000248516685305069,Up
ENSG00000253276,CCDC71L,protein_coding,1.0614409861,4.26287260191295,20.2085395608386,0.000277088620519909,0.00165765830517061,Up
ENSG00000078018,MAP2,protein_coding,1.05948335567526,4.24989135508804,6.64355163954855,0.0190253156448727,0.0474007079355863,Up
ENSG00000166575,TMEM135,protein_coding,1.05917401880639,5.31911310509599,55.9321441517853,6.1408533574209e-07,1.43848098325491e-05,Up
ENSG00000047634,SCML1,protein_coding,1.05470887662387,3.9835591195747,27.0741624310093,0.000197722348869527,0.00127697173415464,Up
ENSG00000104687,GSR,protein_coding,1.05370545061184,5.97528153998938,31.6126021075703,2.49472489271254e-05,0.000258418166012365,Up
ENSG00000148572,NRBF2,protein_coding,1.04704413869618,5.97291057955097,98.8028660335744,9.39591851582721e-09,7.29511369114715e-07,Up
ENSG00000122861,PLAU,protein_coding,1.04356069235408,10.3283107753626,28.4156497708326,4.63651324149856e-05,0.000414460895532395,Up
ENSG00000179918,SEPHS2,protein_coding,1.04293311645063,6.15911472136091,124.95488719902,1.49254651223076e-09,2.22109577851339e-07,Up
ENSG00000079459,FDFT1,protein_coding,1.04031384107782,7.01641365793824,73.9621034014784,8.32961338185452e-08,3.47944025652555e-06,Up
ENSG00000170385,SLC30A1,protein_coding,1.04002985690515,4.88242373732443,40.6188866224036,5.18738089089997e-06,7.63988901107185e-05,Up
ENSG00000055332,EIF2AK2,protein_coding,1.03956567844821,5.91230444205512,53.0720797361137,8.81920584847505e-07,1.92277140297952e-05,Up
ENSG00000217128,FNIP1,protein_coding,1.03943351702162,4.15476167511228,59.3099987071815,0.00014499017655282,0.00100843703127244,Up
ENSG00000123094,RASSF8,protein_coding,1.03871709922533,6.13677672998001,78.3234031181347,5.45473235704942e-08,2.58034127327179e-06,Up
ENSG00000251349,MSANTD3-TMEFF1,protein_coding,1.03859625514679,4.51407026666848,33.1469517969452,1.82842194251754e-05,0.000200620859222777,Up
ENSG00000161813,LARP4,protein_coding,1.03762277565167,5.21061922375568,70.6666820188675,1.16279599011705e-07,4.26159051271149e-06,Up
ENSG00000164164,OTUD4,protein_coding,1.0363599415219,5.61818701081202,35.2551676467454,1.25835113712779e-05,0.000150812116988318,Up
ENSG00000122643,NT5C3A,protein_coding,1.03623062492691,4.76146029779995,28.2608917535901,4.64186919257898e-05,0.000414460895532395,Up
ENSG00000120437,ACAT2,protein_coding,1.03263670370051,5.96276933347412,7.62626199750068,0.0128926899971686,0.0350694914888711,Up
ENSG00000133773,CCDC59,protein_coding,1.02862318096291,5.91599012418308,57.8967690645561,4.8283062968278e-07,1.19337688160003e-05,Up
ENSG00000116016,EPAS1,protein_coding,1.02784734250989,4.46759672525396,8.10415058692637,0.0107434476553406,0.0302485008285763,Up
ENSG00000159023,EPB41,protein_coding,1.02456134614951,4.12331395034698,31.2110507975345,0.000131181032724076,0.000935155805137799,Up
ENSG00000102554,KLF5,protein_coding,1.02273296996257,5.15553421066987,35.62442837248,1.18033201085762e-05,0.000144368348519794,Up
ENSG00000148841,ITPRIP,protein_coding,1.01872532005117,5.2560919850699,71.1088271353563,1.11109460936412e-07,4.17713094457258e-06,Up
ENSG00000115520,COQ10B,protein_coding,1.01771921572435,5.83847892738653,75.7336013295304,6.99686118745035e-08,3.08266903653113e-06,Up
ENSG00000120526,NUDCD1,protein_coding,1.01731506064485,5.01407740698671,20.3562580265119,0.000272443583006253,0.00163948147718085,Up
ENSG00000127948,POR,protein_coding,1.0158914324518,5.82840594019745,67.9800106710879,1.5407055428125e-07,5.17106019307851e-06,Up
ENSG00000117500,TMED5,protein_coding,1.01350334798264,6.2082269759157,73.7723668600494,8.48833482710188e-08,3.49780471675475e-06,Up
ENSG00000120063,GNA13,protein_coding,1.01236855852383,5.39578583450012,65.9659835660467,1.91384424739758e-07,5.99587256980742e-06,Up
ENSG00000232956,SNHG15,lncRNA,1.0093179371351,4.70157529670302,65.4544469228016,4.07859316089299e-06,6.37492143287934e-05,Up
ENSG00000120889,TNFRSF10B,protein_coding,1.00658538956714,8.11364924695829,130.634506419794,1.04712106818889e-09,1.78085375954126e-07,Up
ENSG00000155097,ATP6V1C1,protein_coding,1.00641023422672,6.25435839282315,58.1599843468619,4.67748655132227e-07,1.16415632181516e-05,Up
ENSG00000272886,DCP1A,protein_coding,1.00529141795805,4.27085365281521,68.0166025203188,0.000181055148736936,0.00119416152117076,Up
ENSG00000169826,CSGALNACT2,protein_coding,1.00366979790886,5.68926545770347,48.1700891775291,1.70023220414018e-06,3.22142138837489e-05,Up
ENSG00000110090,CPT1A,protein_coding,1.00339650750058,6.11126112447592,96.4532068895336,1.13079721453408e-08,8.41383802439261e-07,Up
ENSG00000173559,NABP1,protein_coding,-1.00076993670631,6.26692038259138,40.2877184369263,5.46557930652457e-06,7.91403219587095e-05,Down
ENSG00000172123,SLFN12,protein_coding,-1.00092734320961,4.39259328625383,30.1689975881148,0.00150621050354236,0.00641936851241232,Down
ENSG00000173914,RBM4B,protein_coding,-1.00094148018411,4.74640461421004,96.2917541698224,7.55805145559925e-05,0.000616291798485679,Down
ENSG00000101473,ACOT8,protein_coding,-1.00095288216753,4.55126362184717,23.616102545386,0.000124442675410123,0.000901303091758173,Down
ENSG00000139998,RAB15,protein_coding,-1.00120492611991,4.71095867215087,24.5456720105719,0.000101240629224547,0.000772608776229639,Down
ENSG00000169718,DUS1L,protein_coding,-1.00259407389671,5.46999312366503,20.8305597808421,0.000243220417951421,0.0015120308489356,Down
ENSG00000099904,ZDHHC8,protein_coding,-1.00318835335739,4.95922986564799,9.79470459708257,0.00581749043623036,0.0185510420473185,Down
ENSG00000079462,PAFAH1B3,protein_coding,-1.00353187767841,5.34714717762012,13.5163667970701,0.00173894491509845,0.00717993267546142,Down
ENSG00000177697,CD151,protein_coding,-1.00720464942101,8.77154086246701,11.552007169169,0.00321809926380061,0.0116716932829303,Down
ENSG00000103266,STUB1,protein_coding,-1.00767128899557,6.66049835881631,12.9043597389955,0.0020964769940138,0.00831028588692596,Down
ENSG00000130733,YIPF2,protein_coding,-1.00834935980529,5.04784554576318,11.2200779605782,0.00358737695149924,0.012704329977471,Down
ENSG00000140859,KIFC3,protein_coding,-1.00890434704093,5.43927013604834,8.6655951381694,0.0087172992499981,0.0255614402884796,Down
ENSG00000072195,SPEG,protein_coding,-1.01014602364488,6.90539106008971,16.9737064374457,0.000649082373940366,0.00327892178009621,Down
ENSG00000173442,EHBP1L1,protein_coding,-1.01084236454486,5.52138741623911,19.9546786233356,0.000301248959888971,0.00176762528028227,Down
ENSG00000044090,CUL7,protein_coding,-1.01238592778226,5.34079835750264,42.8282219547315,3.68873557375446e-06,5.92711522767139e-05,Down
ENSG00000105255,FSD1,protein_coding,-1.01384230618059,4.16872092605484,12.1377506902077,0.0026357664902884,0.00999855551785981,Down
ENSG00000172732,MUS81,protein_coding,-1.01529529411053,5.52169695093832,21.0086631406312,0.000232713238375322,0.00145685421710335,Down
ENSG00000179271,GADD45GIP1,protein_coding,-1.0161397253219,4.41962595595208,9.36456114301766,0.00677040882869685,0.02083629050555,Down
ENSG00000146826,TRAPPC14,protein_coding,-1.01614631321535,4.3122492154337,16.3633950426955,0.000753681980216355,0.00368989059951023,Down
ENSG00000115318,LOXL3,protein_coding,-1.0161565450988,5.20816004831377,14.1856989077324,0.00142390598845771,0.00614188434514094,Down
ENSG00000185499,MUC1,protein_coding,-1.01661849301551,4.87528370463996,21.2344526653078,0.000219882344201953,0.00139610629745294,Down
ENSG00000138772,ANXA3,protein_coding,-1.0168364065237,6.31837782647738,39.5894282410884,6.10819703613364e-06,8.6498278929963e-05,Down
ENSG00000113361,CDH6,protein_coding,-1.01750023708905,4.24588974516784,15.3388150558349,0.00100446181605455,0.00462894887230816,Down
ENSG00000173801,JUP,protein_coding,-1.01752952808078,5.92424682956524,10.7572619575128,0.00418414921442054,0.0144244101537673,Down
ENSG00000103168,TAF1C,protein_coding,-1.01782723500163,5.01436256302791,13.047328183888,0.00200612836126467,0.00802339019289673,Down
ENSG00000172725,CORO1B,protein_coding,-1.01842081093702,6.13425991302016,7.63625885632531,0.0128430351225642,0.0349610517837179,Down
ENSG00000169100,SLC25A6,protein_coding,-1.01935431563471,6.6648516521286,9.3855341522896,0.0067200725941982,0.0207448479203877,Down
ENSG00000167657,DAPK3,protein_coding,-1.02065026715214,6.46905673400404,11.192191831023,0.00362050173062783,0.0127899326715502,Down
ENSG00000126456,IRF3,protein_coding,-1.02494336925652,5.71853711057525,20.3959156947017,0.000270390541456382,0.0016284988512841,Down
ENSG00000061938,TNK2,protein_coding,-1.02846969818612,5.41356892301887,20.4252765946136,0.00026846579535694,0.00162100691144093,Down
ENSG00000183779,ZNF703,protein_coding,-1.02897767213044,5.03783846731985,21.5425694108943,0.000204951571329094,0.00131180024552305,Down
ENSG00000141258,SGSM2,protein_coding,-1.02960696224555,5.89765097263958,20.8285552308816,0.000243517529487935,0.00151256148968028,Down
ENSG00000159069,FBXW5,protein_coding,-1.02989313673498,4.90963715794022,6.90752536297553,0.0171034983595755,0.043694666946512,Down
ENSG00000138131,LOXL4,protein_coding,-1.03045311063152,6.18280890413358,50.2250304740328,1.28368721951227e-06,2.57697304678707e-05,Down
ENSG00000134330,IAH1,protein_coding,-1.03233535773923,5.86982373640772,16.6168726627039,0.000714930474645027,0.00353898016659004,Down
ENSG00000144476,ACKR3,protein_coding,-1.03246186566229,4.41497092827992,10.3044375584031,0.00483373316259146,0.0160741880728076,Down
ENSG00000157637,SLC38A10,protein_coding,-1.03317213724306,5.18530426934995,10.6586137298781,0.00432528048099813,0.0147966850937594,Down
ENSG00000006016,CRLF1,protein_coding,-1.03386754655532,5.61295325516931,7.77472497927667,0.012177001885276,0.0336741480706645,Down
ENSG00000175662,TOM1L2,protein_coding,-1.03599365373345,6.24132141684099,28.9754509700926,4.1056533315005e-05,0.000379306111977522,Down
ENSG00000148677,ANKRD1,protein_coding,-1.03818071903485,9.92282433692989,11.8069848061835,0.00296328068979905,0.0109275756155057,Down
ENSG00000119280,C1orf198,protein_coding,-1.03838111384301,6.92529054579477,22.8643579638336,0.000151228681126806,0.00104470644998915,Down
ENSG00000136877,FPGS,protein_coding,-1.03934973090617,5.31438225818727,38.4354505913036,7.3625767180256e-06,9.90412156249658e-05,Down
ENSG00000135362,PRR5L,protein_coding,-1.03948480290086,4.50525174052126,26.8973832240981,0.000602896158959489,0.00308930219759514,Down
ENSG00000140400,MAN2C1,protein_coding,-1.03963294145592,6.64621534026438,20.6997977565217,0.000251190361105817,0.00154543733796628,Down
ENSG00000142552,RCN3,protein_coding,-1.04198858762341,4.75062435317424,7.24365298915415,0.0149665039710936,0.0395069245622769,Down
ENSG00000090565,RAB11FIP3,protein_coding,-1.04415571096921,4.69909464627884,21.6502362366926,0.000196713598545771,0.00127275836450402,Down
ENSG00000253250,C8orf88,protein_coding,-1.04538664496996,4.92345399317311,45.9517599930881,8.6398583136707e-05,0.000679675197517069,Down
ENSG00000123374,CDK2,protein_coding,-1.04585806043248,4.87943648773522,37.7009313473709,1.09668090107561e-05,0.000136711896620996,Down
ENSG00000131584,ACAP3,protein_coding,-1.04708016874523,4.71464688062909,9.91367965770617,0.00558121863881227,0.0179256496119767,Down
ENSG00000100379,KCTD17,protein_coding,-1.04732983887777,4.85771558804858,27.5585505713477,5.35113020839109e-05,0.000463310582770153,Down
ENSG00000007866,TEAD3,protein_coding,-1.04774895833139,5.65478550272869,34.4619583038291,1.445546959587e-05,0.000167622433966396,Down
ENSG00000039650,PNKP,protein_coding,-1.04801779916959,5.2561490373254,23.7467245686413,0.000123381559286523,0.000898383769606148,Down
ENSG00000187838,PLSCR3,protein_coding,-1.04881446953708,5.88918842024182,31.8548889243504,2.35203025155083e-05,0.000247066942453347,Down
ENSG00000163251,FZD5,protein_coding,-1.04892099720786,4.54354133084772,66.0127836374857,3.5504125914563e-05,0.000338141295210298,Down
ENSG00000177225,GATD1,protein_coding,-1.04934756018295,4.79945371019186,11.6042913520868,0.00316390966414296,0.0115070299037541,Down
ENSG00000240771,ARHGEF25,protein_coding,-1.05040126939933,5.45828040790487,69.7589187365937,1.27753310938057e-07,4.51753415856703e-06,Down
ENSG00000167645,YIF1B,protein_coding,-1.05186203094293,5.4655455989486,12.4112519374655,0.00244486134308571,0.00941944151761662,Down
ENSG00000074071,MRPS34,protein_coding,-1.05225553333931,5.95763187968836,31.1209336853616,2.71084730906575e-05,0.00027583450610622,Down
ENSG00000134030,CTIF,protein_coding,-1.05737892519375,5.02554976941853,7.64993587071551,0.012775450041145,0.0348301678030147,Down
ENSG00000107281,NPDC1,protein_coding,-1.0592389614201,4.89957813636917,7.7465832629717,0.012309146831196,0.0339475813958427,Down
ENSG00000100314,CABP7,protein_coding,-1.05998514592873,4.51346080412433,17.8692986461736,0.000508169919288163,0.00270101010701186,Down
ENSG00000171914,TLN2,protein_coding,-1.0621201467801,4.6891330310215,13.3022715118182,0.00185562069626726,0.00751826354704312,Down
ENSG00000171130,ATP6V0E2,protein_coding,-1.0633073674826,4.86916235140087,17.7303515574625,0.000530692117723942,0.0027852562798693,Down
ENSG00000007080,CCDC124,protein_coding,-1.06662259411757,5.26139414499694,8.94158626906677,0.00788180325347893,0.0235563684684519,Down
ENSG00000205726,ITSN1,protein_coding,-1.06748475616366,5.549893029935,61.8386679181813,3.03604656982398e-07,8.24191776179965e-06,Down
ENSG00000001617,SEMA3F,protein_coding,-1.06851268545539,4.896010730171,14.3458015873529,0.00135836687847255,0.00589836754585377,Down
ENSG00000101335,MYL9,protein_coding,-1.06985727567726,10.2681522310355,12.6207901493072,0.00228946836259832,0.00894621034684892,Down
ENSG00000160783,PMF1,protein_coding,-1.07078817198908,5.34200587442282,24.3736183713381,0.000107278422011981,0.000804926227344096,Down
ENSG00000124067,SLC12A4,protein_coding,-1.07196070504095,6.33602739915562,26.2990327881338,7.1483399704806e-05,0.000589072202199611,Down
ENSG00000275342,PRAG1,protein_coding,-1.07559142182188,4.75853033075435,12.0757834447039,0.00271884044976622,0.0102267916443813,Down
ENSG00000146830,GIGYF1,protein_coding,-1.07767605067386,4.23378804474436,15.8479302637576,0.00086982134967873,0.00412832817325925,Down
ENSG00000103148,NPRL3,protein_coding,-1.07818321521401,4.34368044076293,18.267329955249,0.00045268134189696,0.00246080884716133,Down
ENSG00000131899,LLGL1,protein_coding,-1.08233889201758,4.27122182456983,13.6084351535148,0.00167192051046589,0.00697170356465725,Down
ENSG00000133243,BTBD2,protein_coding,-1.08265227198758,4.6927060186737,10.0403818275027,0.00534137521815913,0.0173582544055099,Down
ENSG00000262814,MRPL12,protein_coding,-1.08274078030676,4.9882528775863,32.3590016932167,2.11121057853653e-05,0.000227114113892868,Down
ENSG00000132613,MTSS2,protein_coding,-1.08351356360313,5.84011816950669,16.1477312093207,0.000813133354516034,0.00391652835556847,Down
ENSG00000197256,KANK2,protein_coding,-1.0855862989048,5.71786292825621,51.043246688767,1.15054911901983e-06,2.36840701935407e-05,Down
ENSG00000183963,SMTN,protein_coding,-1.08754908252202,4.43046773868947,13.9594010247987,0.00150217138755064,0.006405976251507,Down
ENSG00000198467,TPM2,protein_coding,-1.08853120454273,11.1106077850829,19.1172850375298,0.000371222013344778,0.00210114012783023,Down
ENSG00000139631,CSAD,protein_coding,-1.08885665676118,4.74776345633787,12.5295058282174,0.00235576341968916,0.00914522723197808,Down
ENSG00000169857,AVEN,protein_coding,-1.09211080714057,4.52969443780982,70.4831754584458,0.000174865911268495,0.00117063468059124,Down
ENSG00000149809,TM7SF2,protein_coding,-1.09280984759749,4.68116789127001,15.0336639222441,0.00111265359557036,0.00498913034096614,Down
ENSG00000187244,BCAM,protein_coding,-1.09388647474189,5.35353569772398,7.44473298698347,0.0138331473374643,0.0371466809892886,Down
ENSG00000103202,NME4,protein_coding,-1.09713366628049,6.53305373483248,21.7601333582172,0.000195188357644112,0.00126748221695627,Down
ENSG00000162585,FAAP20,protein_coding,-1.09871755518217,4.77666263520297,6.6668512139086,0.0188461879830103,0.0471517760989991,Down
ENSG00000159176,CSRP1,protein_coding,-1.09933744077433,8.66703491888748,71.5471568572699,1.0623481745684e-07,4.02372667578913e-06,Down
ENSG00000213676,ATF6B,protein_coding,-1.10049506773597,6.20494409026318,41.8010116522635,4.3391676832982e-06,6.73797277430414e-05,Down
ENSG00000169727,GPS1,protein_coding,-1.10069022883146,5.78098087505207,12.1632351177467,0.00264424675322525,0.0100208756528155,Down
ENSG00000197948,FCHSD1,protein_coding,-1.10152090326665,4.66788523520745,16.9971429119968,0.00064237413439898,0.00324963062465433,Down
ENSG00000065308,TRAM2,protein_coding,-1.10185487524107,6.91818062267554,32.4434255726233,2.14376737315641e-05,0.000229923879075919,Down
ENSG00000126458,RRAS,protein_coding,-1.10196560770767,5.85305862310985,8.04472020217891,0.0109873544471235,0.0308986900849618,Down
ENSG00000174886,NDUFA11,protein_coding,-1.10263936940697,7.22453299698263,6.53114889616793,0.0199170324246713,0.0491764129310154,Down
ENSG00000101940,WDR13,protein_coding,-1.10284345496025,5.44636071088547,12.5491728727766,0.0023413007028592,0.00910888394364011,Down
ENSG00000149499,EML3,protein_coding,-1.10468956828774,4.98644520698231,34.9850719845417,1.31878042631528e-05,0.000155446346289935,Down
ENSG00000002330,BAD,protein_coding,-1.10705045221285,5.2639432979102,13.7504867040876,0.00162065338413854,0.00680160230487754,Down
ENSG00000187325,TAF9B,protein_coding,-1.10836348640618,4.32714883636333,28.7662049206831,5.20451822624523e-05,0.000452436964256168,Down
ENSG00000105137,SYDE1,protein_coding,-1.10855959842568,4.63273686250883,18.7155795228126,0.000404062440425224,0.00224958535616319,Down
ENSG00000103502,CDIPT,protein_coding,-1.10856612929574,5.87562277000279,20.1940968566513,0.000284044629478177,0.00169218581181203,Down
ENSG00000177519,RPRM,protein_coding,-1.10970457973938,4.05732473220214,6.52861584213247,0.0198871771364915,0.0491196771389899,Down
ENSG00000196411,EPHB4,protein_coding,-1.11468942813101,5.40314045393225,45.3575053463393,2.53508817276821e-06,4.46013172859195e-05,Down
ENSG00000113108,APBB3,protein_coding,-1.11554826460141,4.98432877634045,58.8030781736242,4.33054244197407e-07,1.09304115417035e-05,Down
ENSG00000204681,GABBR1,protein_coding,-1.11620768873219,4.97707087322696,23.2291370571793,0.000138947901198924,0.000978801635368752,Down
ENSG00000100258,LMF2,protein_coding,-1.11769371187552,4.71160095742313,6.73557135337726,0.0183288946123032,0.0460835248911233,Down
ENSG00000082014,SMARCD3,protein_coding,-1.1176982895655,5.31172850674585,37.8381998291274,8.12242741011277e-06,0.000106651652555948,Down
ENSG00000106330,MOSPD3,protein_coding,-1.1186998555452,4.21659555140796,36.7189610255093,6.9119575341435e-05,0.000573427557100894,Down
ENSG00000105520,PLPPR2,protein_coding,-1.12149969048928,4.79089239408117,33.4827180086947,1.72093715268163e-05,0.00019028876287314,Down
ENSG00000178922,HYI,protein_coding,-1.12188273097777,5.22042630573095,31.2593902020594,2.59063028392751e-05,0.000265112781061521,Down
ENSG00000100417,PMM1,protein_coding,-1.1230503772872,5.2532118943783,28.8627974652333,4.21104657449487e-05,0.000387123625246034,Down
ENSG00000125652,ALKBH7,protein_coding,-1.12360457588289,4.41970480296114,9.82208727230894,0.00576213239812711,0.0184321145185051,Down
ENSG00000204843,DCTN1,protein_coding,-1.12714647227099,6.7522000506051,44.1745372750267,3.03275809002184e-06,5.09717436165318e-05,Down
ENSG00000118523,CCN2,protein_coding,-1.12718107478468,10.3212809572382,29.0835080901126,4.06741656286027e-05,0.000377318915694947,Down
ENSG00000122515,ZMIZ2,protein_coding,-1.12731707339492,5.17671394641841,20.6119409019214,0.000256580468400173,0.0015664566545149,Down
ENSG00000071655,MBD3,protein_coding,-1.12922112469739,4.73228680861677,9.52230894373858,0.00640193693940557,0.019986466590111,Down
ENSG00000139174,PRICKLE1,protein_coding,-1.12967487385389,6.11431866012779,30.1721426177993,3.24661532079152e-05,0.000317456969156986,Down
ENSG00000180332,KCTD4,protein_coding,-1.13001155288754,4.11858991017645,13.6070451865018,0.00166998318544189,0.00696769269486647,Down
ENSG00000160094,ZNF362,protein_coding,-1.13136565279934,4.30787177462497,16.3304366084169,0.000760725464514749,0.00371697748006571,Down
ENSG00000126603,GLIS2,protein_coding,-1.13198767752042,4.46015832572129,6.6831034918412,0.0187223713304292,0.0469077160341129,Down
ENSG00000186834,HEXIM1,protein_coding,-1.13265382597738,4.81042877537728,55.9081447444917,6.15916547550794e-07,1.43848098325491e-05,Down
ENSG00000092969,TGFB2,protein_coding,-1.1330970382334,7.59942299160516,106.1313802165,5.3968212673364e-09,4.87968282437771e-07,Down
ENSG00000108819,PPP1R9B,protein_coding,-1.13349642922682,5.16295397332142,26.0544790048686,7.52455459351966e-05,0.000614261639560125,Down
ENSG00000188549,CCDC9B,protein_coding,-1.13420436076532,6.11735752543013,77.5698428257381,5.86043007512166e-08,2.74480494807602e-06,Down
ENSG00000172992,DCAKD,protein_coding,-1.13699548768292,4.51988373012582,33.8526269226855,1.61058271903321e-05,0.000182501880962208,Down
ENSG00000134508,CABLES1,protein_coding,-1.13707524832508,4.80685915718014,95.1545870328286,1.12870298941091e-05,0.000139728344079067,Down
ENSG00000166002,SMCO4,protein_coding,-1.14006117871502,5.16454975858004,22.7051645099382,0.000155928619376784,0.00106890415375083,Down
ENSG00000165912,PACSIN3,protein_coding,-1.14088079308175,4.83822408827233,11.0771097650176,0.00376087686505294,0.0132074451558865,Down
ENSG00000099203,TMED1,protein_coding,-1.14102272242267,4.73138793289893,17.6222297464561,0.00054602910656716,0.00284900358525144,Down
ENSG00000161981,SNRNP25,protein_coding,-1.14135147370947,4.84081870988555,72.2998273113409,2.95590006483061e-06,4.99148798181679e-05,Down
ENSG00000121716,PILRB,protein_coding,-1.1415266327224,6.0705046079553,30.170892606032,3.2944275946224e-05,0.000320600767144248,Down
ENSG00000148362,PAXX,protein_coding,-1.14163415348774,4.25506439575264,10.5195056965486,0.0045334567299077,0.0153036301614985,Down
ENSG00000010295,IFFO1,protein_coding,-1.1424245152889,4.26334729037527,20.7539188757778,0.000242555868726585,0.00150921304034321,Down
ENSG00000137124,ALDH1B1,protein_coding,-1.14261998473672,5.9472661897824,28.0489138010542,4.91513889572396e-05,0.000434515311041537,Down
ENSG00000132535,DLG4,protein_coding,-1.14297379176068,5.13149419952206,30.1236837625085,3.26750242629173e-05,0.000318849314631173,Down
ENSG00000163017,ACTG2,protein_coding,-1.14324389134843,7.05402149325396,7.43371491918656,0.013892676298774,0.0372574481880995,Down
ENSG00000027847,B4GALT7,protein_coding,-1.14607772516215,4.62987442641358,23.0492170646884,0.000142479275391479,0.000996295581762559,Down
ENSG00000185909,KLHDC8B,protein_coding,-1.14766983391999,4.96055528041589,48.7459568345069,1.57007092003837e-06,3.01478940371883e-05,Down
ENSG00000102287,GABRE,protein_coding,-1.15294760021882,4.49209686093636,8.42803552275136,0.00951685373853599,0.0274440396666785,Down
ENSG00000108528,SLC25A11,protein_coding,-1.15570190719734,5.06444367117604,22.5073482612872,0.000164101042912498,0.0011079146970926,Down
ENSG00000154134,ROBO3,protein_coding,-1.15827633954848,4.58820561078768,15.2966796760037,0.0010321742217189,0.00472011553504361,Down
ENSG00000197879,MYO1C,protein_coding,-1.15860312941791,6.39421417557423,53.8918938015087,7.93814552634292e-07,1.77194292170836e-05,Down
ENSG00000130176,CNN1,protein_coding,-1.15879849567626,9.02284120114543,72.8066246089192,9.35009266852057e-08,3.64406017798721e-06,Down
ENSG00000126903,SLC10A3,protein_coding,-1.15930722278786,4.29566650306281,13.6787866994613,0.00164746848460997,0.00689388833366667,Down
ENSG00000211450,SELENOH,protein_coding,-1.1596701543139,5.42117202673887,28.3541964695546,4.67286144604668e-05,0.000416707232323489,Down
ENSG00000131788,PIAS3,protein_coding,-1.16126317021914,5.36122733588994,93.4544052692571,1.4404987499754e-08,1.01876065060142e-06,Down
ENSG00000162076,FLYWCH2,protein_coding,-1.16154121361279,4.45969285920714,9.48531025421508,0.00648629271580909,0.0201617009873909,Down
ENSG00000145632,PLK2,protein_coding,-1.16412613063493,8.06005903334159,17.2005425325234,0.000610753705908618,0.00311392842348698,Down
ENSG00000140416,TPM1,protein_coding,-1.16510016381451,11.5286738874239,45.3214416511177,2.54840465032817e-06,4.47254408287324e-05,Down
ENSG00000149761,NUDT22,protein_coding,-1.16767829249976,4.92787394927809,31.0541911100526,2.75080386002487e-05,0.000279502019518601,Down
ENSG00000175221,MED16,protein_coding,-1.17589761232447,4.25438412051501,7.71219019620604,0.0124728486694663,0.0342404143143726,Down
ENSG00000140937,CDH11,protein_coding,-1.17791312500927,7.63972399277677,34.9432994917233,1.38031961434485e-05,0.000162164852060283,Down
ENSG00000149212,SESN3,protein_coding,-1.18320534739952,5.5138731644727,16.6871419130841,0.000701395189942518,0.00349133508136544,Down
ENSG00000197217,ENTPD4,protein_coding,-1.18432794259781,5.5882815006706,85.7848762925543,2.76030090906825e-08,1.56238578808557e-06,Down
ENSG00000179085,DPM3,protein_coding,-1.18489527301314,4.48201661408758,7.52478345693998,0.0134091950666748,0.0362261272168148,Down
ENSG00000135723,FHOD1,protein_coding,-1.18642831536295,4.26307462477669,21.7745298383424,0.000190075611781423,0.00124560559170156,Down
ENSG00000079257,LXN,protein_coding,-1.18690113949211,4.54348742435871,40.8471836222963,3.38970671712646e-05,0.000328085028190167,Down
ENSG00000138080,EMILIN1,protein_coding,-1.18700317300959,4.58883069251155,8.76256981635062,0.0084128737276285,0.0247704686877372,Down
ENSG00000137267,TUBB2A,protein_coding,-1.19203791187034,5.86702177591913,29.3862112475618,3.82955381680038e-05,0.000360401882917063,Down
ENSG00000154096,THY1,protein_coding,-1.19254772127224,8.18252062718979,31.2573178018156,2.68195705779264e-05,0.000273674560911612,Down
ENSG00000173581,CCDC106,protein_coding,-1.19257803813133,4.42675648192738,23.3204820838798,0.000133060679086929,0.000944783728347844,Down
ENSG00000148341,SH3GLB2,protein_coding,-1.19266446364952,6.01619070529694,23.1207043865649,0.000142679891022006,0.000996295581762559,Down
ENSG00000162458,FBLIM1,protein_coding,-1.19280550183059,7.57845792654736,37.7455095853245,8.58387419078307e-06,0.000112154574226092,Down
ENSG00000230316,FEZF1-AS1,lncRNA,-1.19441581617543,4.21197804980317,11.6275201905487,0.00312720877501802,0.0114200676277882,Down
ENSG00000130702,LAMA5,protein_coding,-1.19647254229382,5.4374382217051,8.176529358576,0.0104546018908303,0.0295517298402062,Down
ENSG00000196700,ZNF512B,protein_coding,-1.1967426788443,4.46336363747701,18.4907252177859,0.00043235657742836,0.00237380709651866,Down
ENSG00000177951,BET1L,protein_coding,-1.19683792303994,5.24241874502484,67.0317824132331,1.70522541034132e-07,5.53655686639458e-06,Down
ENSG00000198892,SHISA4,protein_coding,-1.19818669668106,5.71299659109993,75.0736693682586,7.46347041759309e-08,3.21154031282334e-06,Down
ENSG00000141858,SAMD1,protein_coding,-1.19939712853815,4.23369447425916,19.705459248582,0.000313855376629423,0.00182986130489716,Down
ENSG00000166997,CNPY4,protein_coding,-1.20094504179683,5.46771085044657,198.668787345387,3.41123009283163e-11,1.38052906918415e-08,Down
ENSG00000138771,SHROOM3,protein_coding,-1.20506773748315,6.03899237971916,18.2511411884761,0.000463243271909359,0.0024994803689182,Down
ENSG00000179526,SHARPIN,protein_coding,-1.20711930474006,5.02816174963481,14.4415983264599,0.0013207674267214,0.00577017842756635,Down
ENSG00000159792,PSKH1,protein_coding,-1.20866502483894,4.97851191741159,31.7786558236999,2.38999791709526e-05,0.00024995249080251,Down
ENSG00000132329,RAMP1,protein_coding,-1.21130350984385,5.45728799765166,11.667093425083,0.00310016539610494,0.0113503236414032,Down
ENSG00000075618,FSCN1,protein_coding,-1.21327246903097,6.82624862697985,11.3024446877933,0.00349150308210149,0.0124574458119135,Down
ENSG00000153406,NMRAL1,protein_coding,-1.21758162245695,4.90309745984362,30.8842293829672,2.82622107369097e-05,0.000285944718546383,Down
ENSG00000164932,CTHRC1,protein_coding,-1.21965854850104,5.68451185130785,10.8352592365922,0.00407621338236513,0.0141273130471781,Down
ENSG00000146063,TRIM41,protein_coding,-1.21989806150114,4.34732110702193,52.2422675930333,9.82309620547927e-07,2.07592828981475e-05,Down
ENSG00000066468,FGFR2,protein_coding,-1.22062406831203,4.3188260048709,43.7233428039662,0.000106658179431019,0.000801957237553442,Down
ENSG00000141736,ERBB2,protein_coding,-1.22132399403996,5.72336979194981,73.5614459469258,8.66873302134395e-08,3.5182249983784e-06,Down
ENSG00000169169,CPT1C,protein_coding,-1.22345333986086,5.54044738072171,26.2979121749705,7.15001538999108e-05,0.000589072202199611,Down
ENSG00000267645,,protein_coding,-1.22484476852978,4.33541856032799,19.9341261086062,0.000297170019739224,0.00175139063613637,Down
ENSG00000167543,TP53I13,protein_coding,-1.22508608032291,4.40071000098726,8.86565464586491,0.00810231469359595,0.0240543781614114,Down
ENSG00000100100,PIK3IP1,protein_coding,-1.22559662408463,4.28365814563866,35.8919554666852,1.12726190438696e-05,0.000139728344079067,Down
ENSG00000173531,MST1,protein_coding,-1.22604108306648,4.24251732255036,20.5103404070695,0.000257348472549634,0.00156846428278331,Down
ENSG00000123933,MXD4,protein_coding,-1.22740346553305,5.43441808740001,22.9922240483842,0.000146895253815504,0.00101964803610549,Down
ENSG00000149582,TMEM25,protein_coding,-1.22755982911517,4.84894277899529,71.3452853823443,1.40201312490637e-07,4.88516085424694e-06,Down
ENSG00000111678,C12orf57,protein_coding,-1.22843770027652,6.90842505712455,9.6006234984831,0.00622741681383281,0.0195533296155686,Down
ENSG00000137285,TUBB2B,protein_coding,-1.22930768375455,6.76930619947683,27.8423031696802,5.20654045385091e-05,0.000452436964256168,Down
ENSG00000156990,RPUSD3,protein_coding,-1.23243180119867,4.45592780413395,38.6087708405059,7.15711854185333e-06,9.71925812632288e-05,Down
ENSG00000171163,ZNF692,protein_coding,-1.23383404492355,5.61466138199005,26.965778431391,6.22478804588569e-05,0.000524335625138696,Down
ENSG00000215440,NPEPL1,protein_coding,-1.23805527315937,5.07616587427418,21.0217509982294,0.000232490029068832,0.00145673357687602,Down
ENSG00000158863,FHIP2B,protein_coding,-1.23870824922368,5.10418552482254,20.6939231122994,0.000251546811887189,0.00154612000644517,Down
ENSG00000128309,MPST,protein_coding,-1.23971988393708,4.62934480464067,10.3794346742507,0.00475449740992722,0.0158772206634456,Down
ENSG00000213722,DDAH2,protein_coding,-1.24051206148823,6.40374394792973,14.6232180013,0.00125263283624013,0.00551977566271639,Down
ENSG00000180340,FZD2,protein_coding,-1.24060241246207,4.67658767869893,24.4703332702302,0.000103258011482702,0.000782985112548769,Down
ENSG00000242294,STAG3L5P,transcribed_unprocessed_pseudogene,-1.24195115754197,5.44611667012161,24.0524013951556,0.000115851251372531,0.000854881703051638,Down
ENSG00000168273,SMIM4,protein_coding,-1.24806186686636,4.37065330922423,20.2303092821579,0.000276637984908495,0.00165765830517061,Down
ENSG00000196642,RABL6,protein_coding,-1.24886925251877,4.92694711578827,23.8509375800132,0.000121138001036898,0.000886566333408364,Down
ENSG00000213339,QTRT1,protein_coding,-1.25326397629756,4.43807072896313,12.8078518590057,0.00216003655727019,0.00851964119973617,Down
ENSG00000107796,ACTA2,protein_coding,-1.2560400829529,11.212770666825,50.6031515902557,1.22717499241006e-06,2.4832042410156e-05,Down
ENSG00000149782,PLCB3,protein_coding,-1.25727261652194,4.69191479533119,28.4414582613758,4.47635018297567e-05,0.000402195840968493,Down
ENSG00000171680,PLEKHG5,protein_coding,-1.26194568855823,4.49538574740075,25.2826446499741,8.65171693901477e-05,0.000679710850566365,Down
ENSG00000138650,PCDH10,protein_coding,-1.2642491188978,4.21597256828888,23.6656394873713,0.000123066747919297,0.000897005898354628,Down
ENSG00000100918,REC8,protein_coding,-1.26562031944667,5.25415777825496,16.2911420937337,0.000781601722885693,0.00379021120609131,Down
ENSG00000138629,UBL7,protein_coding,-1.26807315258414,5.43953198704027,73.3564712605999,8.84813478555577e-08,3.57074727532344e-06,Down
ENSG00000162337,LRP5,protein_coding,-1.26810556509936,4.69847157446459,10.4601943061593,0.00462561511100023,0.0155339768396214,Down
ENSG00000124006,OBSL1,protein_coding,-1.26953639813302,6.06815992058191,22.0628626768978,0.000181864975492016,0.00119839623610652,Down
ENSG00000149823,VPS51,protein_coding,-1.27027812634442,5.08905385155931,15.4607648367523,0.000985268892958837,0.00455440180507292,Down
ENSG00000176973,FAM89B,protein_coding,-1.27044041760185,5.63985851052861,14.7095161246481,0.00122164159765837,0.00540499252057746,Down
ENSG00000142327,RNPEPL1,protein_coding,-1.27087667809415,4.66471160447123,11.6119820618264,0.00315602524682164,0.0114966320775235,Down
ENSG00000182054,IDH2,protein_coding,-1.27535611355479,5.80766496552744,66.8959266133789,1.73035632681033e-07,5.56753839748026e-06,Down
ENSG00000213977,TAX1BP3,protein_coding,-1.28190355767638,7.28393930441911,40.208417645684,5.78276719350731e-06,8.30831793421302e-05,Down
ENSG00000175906,ARL4D,protein_coding,-1.28628128585543,4.60322067321683,33.7619763798312,1.63687942008914e-05,0.000184833455942144,Down
ENSG00000130827,PLXNA3,protein_coding,-1.28788074422903,6.26531067346532,34.0567048463289,1.61218937263269e-05,0.000182501880962208,Down
ENSG00000005206,SPPL2B,protein_coding,-1.28798457564797,4.40095773667067,13.3648834560154,0.00182061758902339,0.00742699682375446,Down
ENSG00000164877,MICALL2,protein_coding,-1.29063708654561,4.43107557202587,10.7358851638438,0.00421428815648086,0.0145213026057611,Down
ENSG00000183840,GPR39,protein_coding,-1.29688944025438,4.22872186836782,24.1005904530124,0.000111686896032163,0.000832432232882911,Down
ENSG00000167969,ECI1,protein_coding,-1.30320513337142,3.97444002873988,7.74454250053135,0.0123053631058739,0.0339475813958427,Down
ENSG00000150764,DIXDC1,protein_coding,-1.30380820329988,4.66960487127504,130.644714811477,4.78973093177281e-06,7.2639167825166e-05,Down
ENSG00000125995,ROMO1,protein_coding,-1.30407264038291,6.56318137386542,12.5625714115566,0.00233150461486638,0.0090856178199621,Down
ENSG00000165996,HACD1,protein_coding,-1.30467387198189,6.6404967510455,167.086939405655,1.42615535180173e-10,3.75640980818441e-08,Down
ENSG00000139625,MAP3K12,protein_coding,-1.30528859814487,5.3300101983025,30.9468036350831,2.84296525786223e-05,0.000287231977891229,Down
ENSG00000198796,ALPK2,protein_coding,-1.30562595766449,6.59046020526269,179.446029160392,7.92884545884056e-11,2.35982262968742e-08,Down
ENSG00000173465,ZNRD2,protein_coding,-1.30608436112253,4.85485166288514,7.12628852385969,0.0156763427550881,0.0409868654098077,Down
ENSG00000071894,CPSF1,protein_coding,-1.306997483771,5.4048905566563,11.706015523027,0.00306138188342595,0.0112371278485671,Down
ENSG00000159423,ALDH4A1,protein_coding,-1.31007195676602,4.63826444525652,20.9540468539684,0.000234334556406354,0.00146571955902853,Down
ENSG00000104936,DMPK,protein_coding,-1.31014900297588,5.15173470032536,23.6524667108941,0.000126610300525467,0.000912406956445532,Down
ENSG00000104884,ERCC2,protein_coding,-1.31607713434392,4.49495240605564,37.245590704238,8.96349896648551e-06,0.000115362654265957,Down
ENSG00000175482,POLD4,protein_coding,-1.31699867564075,5.20622930961922,13.0381823045866,0.00201177584971608,0.00803615940861306,Down
ENSG00000213398,LCAT,protein_coding,-1.31735355256718,4.6679075915278,16.4892461619075,0.000740266053011398,0.00363667153828089,Down
ENSG00000160613,PCSK7,protein_coding,-1.32272134787347,4.73431959568164,31.7382645597168,2.37833974245623e-05,0.000249097958656376,Down
ENSG00000177106,EPS8L2,protein_coding,-1.32300455004641,6.2190717059323,28.0624965517655,4.98087840477046e-05,0.00043948046426192,Down
ENSG00000158373,H2BC5,protein_coding,-1.32578749747429,4.29835563683384,20.5610858813676,0.000254185695166032,0.00155715988042107,Down
ENSG00000114923,SLC4A3,protein_coding,-1.32705633248184,4.4483892869102,13.3580906511899,0.00182437915853258,0.00743809379531861,Down
ENSG00000113758,DBN1,protein_coding,-1.32862596209191,7.40202119409314,20.2810796571226,0.000278067723361647,0.0016621236384705,Down
ENSG00000005882,PDK2,protein_coding,-1.33055454361336,5.25840006276534,112.061553848719,3.52825537722979e-09,3.50032335549339e-07,Down
ENSG00000077454,LRCH4,protein_coding,-1.33184024030433,4.46373366469678,14.3333555949242,0.00136333902916881,0.00591636129122286,Down
ENSG00000146540,C7orf50,protein_coding,-1.33683162377993,4.87151049313383,9.08397817159714,0.00748624287190268,0.0225724916986074,Down
ENSG00000171345,KRT19,protein_coding,-1.34223202624682,5.33786992045747,7.47724999802021,0.0136591357529262,0.0367761804308901,Down
ENSG00000140682,TGFB1I1,protein_coding,-1.34532386611051,7.46067882368131,94.8534269650827,1.28563211612056e-08,9.37068388311138e-07,Down
ENSG00000124574,ABCC10,protein_coding,-1.34615491429898,4.15537038661886,35.8954071433235,1.24581230044691e-05,0.000150307865650218,Down
ENSG00000141295,SCRN2,protein_coding,-1.34643470606779,5.46019185468211,23.6595882434097,0.000126409245305654,0.000912061857796247,Down
ENSG00000100242,SUN2,protein_coding,-1.34746954429647,5.65425017767542,21.5006612317463,0.00020747722024662,0.00132440552656086,Down
ENSG00000151572,ANO4,protein_coding,-1.35281297138927,5.66245596992882,125.080692343216,1.48064864081871e-09,2.22109577851339e-07,Down
ENSG00000130787,HIP1R,protein_coding,-1.35293711459857,4.15952180151245,19.9081381855581,0.000298426374044511,0.00175589752042829,Down
ENSG00000164880,INTS1,protein_coding,-1.35884965246403,4.48819077752371,11.1424138666795,0.00368048642627082,0.0129697654380131,Down
ENSG00000099864,PALM,protein_coding,-1.35991599920534,5.47505170440175,8.90638667231534,0.00798317502660647,0.0238095278559708,Down
ENSG00000105419,MEIS3,protein_coding,-1.36291019637551,5.18065098059657,17.6336261986239,0.000544389439479453,0.002842524682896,Down
ENSG00000160360,GPSM1,protein_coding,-1.36441485428699,4.44489244064555,12.1444287382979,0.00266009261776868,0.0100575139407674,Down
ENSG00000166452,AKIP1,protein_coding,-1.36445356665611,5.74259098757572,128.829386457688,1.17022172199441e-09,1.89974858186502e-07,Down
ENSG00000099899,TRMT2A,protein_coding,-1.36542145531217,5.16703416147237,20.4616172129583,0.000266104614486833,0.00160989258776536,Down
ENSG00000007541,PIGQ,protein_coding,-1.37009442466699,4.61739073886713,17.6716877699396,0.00053895300348318,0.00281619700357012,Down
ENSG00000181029,TRAPPC5,protein_coding,-1.37538410180567,4.50896143114859,6.57973008264304,0.0195259392017263,0.0484283971242815,Down
ENSG00000090924,PLEKHG2,protein_coding,-1.37604278021969,5.54195380957917,34.9911923391548,1.36423223915416e-05,0.000160538894304418,Down
ENSG00000213445,SIPA1,protein_coding,-1.3780538526266,4.13194345957432,20.4870333859829,0.000258815780697372,0.00157337967789049,Down
ENSG00000101104,PABPC1L,protein_coding,-1.37901899936263,5.00423593240451,24.5863683660488,0.000103040440584942,0.000782794722857536,Down
ENSG00000177666,PNPLA2,protein_coding,-1.38086419781082,4.73820110476086,15.8138894446405,0.000892184821103155,0.00420651892880517,Down
ENSG00000182154,MRPL41,protein_coding,-1.38463269832776,4.73437296454574,9.115130014804,0.00740271084003641,0.0223678356727496,Down
ENSG00000176720,BOK,protein_coding,-1.38517509588736,5.2556360052206,19.031419311656,0.000379366764262842,0.00214045560594746,Down
ENSG00000143224,PPOX,protein_coding,-1.38702682049078,4.66158937402725,66.7806124734878,1.75201048144851e-07,5.5868798522262e-06,Down
ENSG00000136490,LIMD2,protein_coding,-1.39058251393743,4.87369305295574,23.6872709813976,0.000125631077294739,0.000907363786770799,Down
ENSG00000135437,RDH5,protein_coding,-1.39654793825456,4.19999790743137,38.8596024294474,6.87096985025125e-06,9.36628580922609e-05,Down
ENSG00000171992,SYNPO,protein_coding,-1.40418783845078,6.67933483200223,25.9507041599358,7.69082057491294e-05,0.000622851829553324,Down
ENSG00000065054,SLC9A3R2,protein_coding,-1.40653359091724,4.88487584148645,7.90438779207969,0.0115884599374774,0.0322714890188699,Down
ENSG00000128606,LRRC17,protein_coding,-1.41139619453884,7.03320573524803,107.999398318256,4.71034556707103e-09,4.42710505073531e-07,Down
ENSG00000128510,CPA4,protein_coding,-1.41333728337904,7.78750752635242,68.7182080168073,1.4727632623531e-07,5.03346793444412e-06,Down
ENSG00000127419,TMEM175,protein_coding,-1.41384712970473,4.46350872751731,24.4837391176681,0.00010528147052622,0.000794953006309506,Down
ENSG00000166106,ADAMTS15,protein_coding,-1.41541969388501,4.12729764083702,32.4618585139404,0.000153195114073447,0.0010550203827309,Down
ENSG00000173992,CCS,protein_coding,-1.41617801993628,5.31969777737809,30.7766856396414,2.93571779448504e-05,0.000294107043562506,Down
ENSG00000125968,ID1,protein_coding,-1.42066464484613,4.63779802569577,11.2673930354665,0.00353194738105716,0.012556304197272,Down
ENSG00000125520,SLC2A4RG,protein_coding,-1.42087751802118,4.95808692801033,21.1648756969643,0.000224679333822744,0.00141649115754268,Down
ENSG00000157404,KIT,protein_coding,-1.42243592992386,4.38473001683414,71.9820934166564,4.51154408512154e-06,6.96025041037218e-05,Down
ENSG00000105655,ISYNA1,protein_coding,-1.42958591984453,5.68491748801653,22.8769501365092,0.00015079566704712,0.00104272357184664,Down
ENSG00000109736,MFSD10,protein_coding,-1.43249761720923,5.18894236997802,10.1670734685752,0.00511305849338657,0.0168306805614103,Down
ENSG00000137801,THBS1,protein_coding,-1.43582196104459,9.8799230779152,54.1954554294522,8.04929685462628e-07,1.79115661783787e-05,Down
ENSG00000154545,MAGED4,protein_coding,-1.43677656742903,5.05893226170261,24.9902200905086,9.43978588122629e-05,0.000728955573509183,Down
ENSG00000206538,VGLL3,protein_coding,-1.43753022613293,4.05756851694717,15.2256313293522,0.00103746008096517,0.00473822081734925,Down
ENSG00000165915,SLC39A13,protein_coding,-1.4414593877789,5.62618727384334,13.9642968120659,0.00152043880247205,0.00646843023588915,Down
ENSG00000267368,UPK3BL1,protein_coding,-1.44188707084623,4.12366885426314,24.2472619256897,0.000108117498471015,0.000810370715192504,Down
ENSG00000177700,POLR2L,protein_coding,-1.44528991406633,6.05979722433825,10.7741644166013,0.00416048964567023,0.0143567041251316,Down
ENSG00000081791,DELE1,protein_coding,-1.45477934942975,5.34807477678943,52.7945216835383,9.14170610823274e-07,1.97996150105364e-05,Down
ENSG00000104835,SARS2,protein_coding,-1.45716449269076,4.07677532524014,22.065259613885,0.000177538367711183,0.00118408642442668,Down
ENSG00000106211,HSPB1,protein_coding,-1.4668778808379,8.16244072447208,7.52787068628178,0.0133931412526711,0.036210146846264,Down
ENSG00000104044,OCA2,protein_coding,-1.4741539656833,4.03827814965966,62.8463303406064,4.2714624335667e-05,0.000391695550901954,Down
ENSG00000241852,C8orf58,protein_coding,-1.47770652859455,4.10939224119506,48.2471872500827,9.86227291725934e-06,0.000125583904570263,Down
ENSG00000077092,RARB,protein_coding,-1.47966871402178,4.70291695712302,35.2171419876682,1.26654182435046e-05,0.000151330752728651,Down
ENSG00000152154,TMEM178A,protein_coding,-1.48092102480966,6.98694006047992,13.7764966485341,0.00160807648836214,0.00676471752436441,Down
ENSG00000090238,YPEL3,protein_coding,-1.48247666999868,5.43414481295491,26.9148643594717,6.2904152709873e-05,0.000529239532163278,Down
ENSG00000125378,BMP4,protein_coding,-1.48306929006214,6.46331317574446,77.4391436893811,5.98884156723124e-08,2.76242441810948e-06,Down
ENSG00000115129,TP53I3,protein_coding,-1.48610774492799,6.03962101071118,59.1149629059953,4.34860664106803e-07,1.09373581820947e-05,Down
ENSG00000205572,SERF1B,protein_coding,-1.49967603526206,4.72189533804737,39.6089231555047,6.11895541644818e-06,8.6498278929963e-05,Down
ENSG00000276077,,lncRNA,-1.50018257085451,4.33819305655318,14.4548469254391,0.00131316996910847,0.00574401291447751,Down
ENSG00000168386,FILIP1L,protein_coding,-1.50444829246337,6.42964291070124,98.2439525529195,9.8158002532704e-09,7.53916787194736e-07,Down
ENSG00000188130,MAPK12,protein_coding,-1.51050179326715,4.74602163490855,20.7293190351082,0.000249407625874792,0.0015413515566717,Down
ENSG00000136153,LMO7,protein_coding,-1.51382350568691,7.78552620842462,26.2620256491462,7.20390096534335e-05,0.000592827933127276,Down
ENSG00000019144,PHLDB1,protein_coding,-1.51882309686646,6.68813148995073,123.666822484394,1.6206680748068e-09,2.26988863889116e-07,Down
ENSG00000064666,CNN2,protein_coding,-1.52201709231583,8.55530860668267,51.8070407686027,1.09888924023168e-06,2.28179239621362e-05,Down
ENSG00000167693,NXN,protein_coding,-1.52779856641729,6.17349529121846,120.954101660759,1.93242760690157e-09,2.55617229557369e-07,Down
ENSG00000100065,CARD10,protein_coding,-1.52931256191587,5.16131090816894,12.2400218186629,0.00258063528202949,0.00981548339698438,Down
ENSG00000166165,CKB,protein_coding,-1.5344624168865,6.723657723837,34.0809860556988,1.60528943144026e-05,0.000182298607452747,Down
ENSG00000078401,EDN1,protein_coding,-1.53736922763044,5.28062935319701,38.5207539325748,7.26064816551303e-06,9.83100879963708e-05,Down
ENSG00000213983,AP1G2,protein_coding,-1.53994316029736,4.90628098134006,22.692662030301,0.000157273236636141,0.00107605625411107,Down
ENSG00000100968,NFATC4,protein_coding,-1.54176157594725,6.17205079140046,41.6036740984632,4.65495362322992e-06,7.10477216468619e-05,Down
ENSG00000075461,CACNG4,protein_coding,-1.55139681624386,4.50826728951044,49.0748667173921,1.50072189828305e-06,2.90505596732679e-05,Down
ENSG00000134198,TSPAN2,protein_coding,-1.56152220041013,4.99202637501129,79.772682046871,4.75927276272723e-08,2.35998184302163e-06,Down
ENSG00000100429,HDAC10,protein_coding,-1.5795320370171,4.13252929113697,13.5235112909273,0.00173519537655769,0.00716859489574989,Down
ENSG00000156466,GDF6,protein_coding,-1.58115439943593,4.21994073889991,8.19537303970497,0.0103808443980417,0.0293897627963583,Down
ENSG00000177576,C18orf32,protein_coding,-1.58316408353774,4.2116550251357,21.7947762030219,0.000189171295562024,0.0012408177816341,Down
ENSG00000261236,BOP1,protein_coding,-1.59497070042571,4.06260403521886,15.6410584857705,0.000930985971821409,0.00433226892294484,Down
ENSG00000111186,WNT5B,protein_coding,-1.5950299692431,4.58005716396259,10.0517635646397,0.00532040259873199,0.0173258672084973,Down
ENSG00000215788,TNFRSF25,protein_coding,-1.5951831891244,4.23277085570069,17.0242115464179,0.000639041893286277,0.00323735903811622,Down
ENSG00000198753,PLXNB3,protein_coding,-1.60420133889767,4.67360553057035,60.9753659832657,3.35394738611013e-07,8.77554805091013e-06,Down
ENSG00000177595,PIDD1,protein_coding,-1.60927569444546,3.93364750067391,11.9099624331039,0.00286683937518169,0.0106378356659339,Down
ENSG00000124920,MYRF,protein_coding,-1.61797634679148,4.60624292827989,18.4803482704379,0.000436634845374873,0.00239178121204963,Down
ENSG00000162032,SPSB3,protein_coding,-1.62467590303254,4.32287062597433,22.1544900135545,0.000178034567576333,0.00118628816809491,Down
ENSG00000119699,TGFB3,protein_coding,-1.62498956138463,5.55889109098255,29.2155344752503,3.9635754146461e-05,0.000370089139696955,Down
ENSG00000100196,KDELR3,protein_coding,-1.65013736804947,5.23745076354994,61.1134727099598,3.40177455291258e-07,8.86820278520239e-06,Down
ENSG00000128283,CDC42EP1,protein_coding,-1.65320431108639,6.11399314393765,17.013506677485,0.000642167460590687,0.00324963062465433,Down
ENSG00000112559,MDFI,protein_coding,-1.6570976440255,5.28254006440084,31.7512576416164,2.44633585779185e-05,0.000253985131282081,Down
ENSG00000107404,DVL1,protein_coding,-1.66174333390958,3.99947416368275,11.1467833213599,0.00367517668658816,0.0129574467286768,Down
ENSG00000167100,SAMD14,protein_coding,-1.66908900014409,4.17647305025991,31.5670893152139,2.44528996751653e-05,0.000253985131282081,Down
ENSG00000128159,TUBGCP6,protein_coding,-1.68413152311326,4.2158714069075,37.3647166152174,8.78694137151957e-06,0.000113704931552109,Down
ENSG00000138798,EGF,protein_coding,-1.68547547155809,4.97153063664225,15.9925641482302,0.00084885897404121,0.00404766331880932,Down
ENSG00000110237,ARHGEF17,protein_coding,-1.69624039390372,5.69700684972964,63.8811521565683,2.42822429750283e-07,7.06992195894571e-06,Down
ENSG00000086991,NOX4,protein_coding,-1.70311320635831,4.32989046772478,44.070483595855,6.64090342871141e-06,9.12230253678569e-05,Down
ENSG00000135480,KRT7,protein_coding,-1.70647149867973,5.95683750407084,7.18450661869506,0.0153195824516558,0.0402455967091494,Down
ENSG00000182809,CRIP2,protein_coding,-1.71049102716517,5.65902747394366,11.631327871772,0.00313628929278091,0.0114415293249919,Down
ENSG00000117318,ID3,protein_coding,-1.71190707606477,5.66855693028764,27.9902147379311,5.05373183959675e-05,0.000443061576537833,Down
ENSG00000024422,EHD2,protein_coding,-1.71417727004236,5.74344710613293,45.4078143037655,2.64316330140086e-06,4.59370205885799e-05,Down
ENSG00000198276,UCKL1,protein_coding,-1.74232099722898,4.31076225510278,33.4847102093688,1.72032075119267e-05,0.00019028876287314,Down
ENSG00000120913,PDLIM2,protein_coding,-1.75397741922923,6.13307335884382,14.5190069991148,0.00129123376659581,0.00566888924080755,Down
ENSG00000157570,TSPAN18,protein_coding,-1.76115659046347,4.41036799190948,62.8038196586574,2.83098510417941e-07,7.81490395165088e-06,Down
ENSG00000067836,ROGDI,protein_coding,-1.78446508836761,4.75729768468029,51.6310390625938,1.06438068585055e-06,2.22306176579839e-05,Down
ENSG00000082497,SERTAD4,protein_coding,-1.84104933339327,4.43335925833476,88.9243193199061,2.10314908821377e-08,1.28399948180436e-06,Down
ENSG00000162614,NEXN,protein_coding,-1.85251352076509,6.90389227955077,275.294794137059,2.18774297918385e-12,2.23243544290146e-09,Down
ENSG00000185504,FAAP100,protein_coding,-1.87070930107571,4.26998410390046,19.827651457883,0.000310846536720637,0.00181849042735095,Down
ENSG00000178882,RFLNA,protein_coding,-1.89295238655962,4.43326272824959,35.1966915319044,1.30209813578679e-05,0.00015449978378613,Down
ENSG00000142303,ADAMTS10,protein_coding,-1.95006789250082,5.7171915499062,33.8651436076767,1.66779695398328e-05,0.000187018424525942,Down
ENSG00000161010,MRNIP,protein_coding,-1.96569684391812,4.28643604967846,56.465579080698,5.74904669768094e-07,1.36884801871783e-05,Down
ENSG00000072163,LIMS2,protein_coding,-1.98300361283475,5.08557193536687,23.0751276068442,0.000144159615121175,0.0010046816983245,Down
ENSG00000159251,ACTC1,protein_coding,-2.0494027200542,7.33859358328221,87.1015061897825,2.46098011175828e-08,1.40630247506315e-06,Down
ENSG00000144057,ST6GAL2,protein_coding,-2.13089702888145,4.73662104822398,42.5051414831002,4.05733155033049e-06,6.36956467340894e-05,Down
ENSG00000276089,,misc_RNA,-2.1458980441086,4.02371932367671,11.8906096189199,0.00288469232385153,0.0106652987936188,Down
ENSG00000196923,PDLIM7,protein_coding,-2.34938048713457,8.02917925110182,34.4894101652344,1.494018208914e-05,0.000172682395894381,Down
ENSG00000111077,TNS2,protein_coding,-2.43739100360161,4.75446393390985,74.0239657555953,8.90931380926936e-08,3.57523755840511e-06,Down
ENSG00000163431,LMOD1,protein_coding,-2.50417680643182,5.97866530516187,150.149883576133,3.41087553059298e-10,8.12129463834187e-08,Down
