gene_id,PAvsVH_symbol,PAvsVH_biotype,PAvsVH_logFC,PAvsVH_PValue,PAvsVH_FDR,TiPAvsVH_logFC,TiPAvsVH_PValue,TiPAvsVH_FDR
ENSG00000162614,NEXN,protein_coding,-1.86389160266298,1.34626837675159e-12,1.4405071631242e-09,-2.09789191207963,2.7726632394254e-13,2.96674966618518e-10
ENSG00000166997,CNPY4,protein_coding,-1.21249625554392,3.53908860161428e-11,1.44289705605942e-08,-1.27203048168177,1.76857260282061e-11,6.30790895006019e-09
ENSG00000163431,LMOD1,protein_coding,-2.51574830264942,2.5744505123626e-10,6.69121027271293e-08,-3.00422172593924,4.43731599097321e-11,1.32941987089557e-08
ENSG00000151572,ANO4,protein_coding,-1.3644579159623,7.00372252374598e-10,1.34507388981686e-07,-1.67805489353449,4.9154208684998e-11,1.41601931942552e-08
ENSG00000198796,ALPK2,protein_coding,-1.31749710028069,5.04928552943031e-11,1.80091183883014e-08,-1.2841897979348,7.06697585278105e-11,1.7074725528171e-08
ENSG00000165996,HACD1,protein_coding,-1.31513064257228,1.18803262827195e-10,3.42244784067572e-08,-1.2724686270575,1.84143211825535e-10,3.53649399121348e-08
ENSG00000197043,ANXA6,protein_coding,-1.25540632629408,5.30705812518001e-09,4.77592908107711e-07,-1.56095696010375,2.27277722762656e-10,4.05311938926736e-08
ENSG00000019144,PHLDB1,protein_coding,-1.53087974084508,1.52065031368797e-09,2.32442262235161e-07,-1.73313860573589,2.91199056872207e-10,4.5022921764038e-08
ENSG00000166452,AKIP1,protein_coding,-1.37604386481571,1.144950946956e-09,1.90570724282231e-07,-1.45486894457429,5.37873098009878e-10,6.06734771555457e-08
ENSG00000167693,NXN,protein_coding,-1.54003375600385,2.10187555503111e-09,2.86237234676054e-07,-1.6823089044355,6.71196982002604e-10,7.08065548619649e-08
ENSG00000168386,FILIP1L,protein_coding,-1.51665777300615,4.01350168646822e-09,4.23396163826014e-07,-1.69699149326781,9.39209140419882e-10,9.13594345681158e-08
ENSG00000159176,CSRP1,protein_coding,-1.11340230151845,4.58091836059664e-08,2.39937612034048e-06,-1.43915572673249,1.1055232902606e-09,1.03666882899293e-07
ENSG00000092969,TGFB2,protein_coding,-1.14529277554331,2.90840903079498e-09,3.40374744385225e-07,-1.16344306327896,2.2852355381002e-09,1.70068250195361e-07
ENSG00000128606,LRRC17,protein_coding,-1.4226088222124,4.76786422904e-09,4.69885566783021e-07,-1.49010124724505,2.47813052278558e-09,1.78473053996769e-07
ENSG00000140682,TGFB1I1,protein_coding,-1.35710618314663,1.231808275222e-08,9.22624398141277e-07,-1.48765431203371,3.46363799854412e-09,2.1778975001719e-07
ENSG00000131788,PIAS3,protein_coding,-1.17326388400102,1.33069476833147e-08,9.77147432823798e-07,-1.28812913923385,3.96307999482537e-09,2.33728103631827e-07
ENSG00000149582,TMEM25,protein_coding,-1.23919070464377,1.05836097769675e-07,4.21655517178121e-06,-1.62346416367387,4.38647042855065e-09,2.54289320577125e-07
ENSG00000005882,PDK2,protein_coding,-1.34242096360542,2.37592488378912e-09,3.1220486630843e-07,-1.26318033540921,4.87438278423125e-09,2.66718812576538e-07
ENSG00000174099,MSRB3,protein_coding,-1.00514253659,1.41354058507308e-08,1.02099558203498e-06,-1.08433836496828,4.86895682976981e-09,2.66718812576538e-07
ENSG00000138629,UBL7,protein_coding,-1.28076197074646,5.20417442313975e-08,2.64335245833803e-06,-1.5086730581726,7.01717352497013e-09,3.45780458565962e-07
ENSG00000082497,SERTAD4,protein_coding,-1.85253590791149,1.4642174121168e-08,1.03462154875046e-06,-1.97472508183228,7.18235007142874e-09,3.51606549248374e-07
ENSG00000130176,CNN1,protein_coding,-1.16954011375635,7.38093383716926e-08,3.35049663275138e-06,-1.37205587831865,7.52350979273319e-09,3.61224925304946e-07
ENSG00000141736,ERBB2,protein_coding,-1.2333194207897,8.80662971655249e-08,3.7908998032746e-06,-1.49718235188504,7.96702514609756e-09,3.77677331292853e-07
ENSG00000159251,ACTC1,protein_coding,-2.06039366226727,1.86473722290276e-08,1.24704301781622e-06,-2.20438026829981,8.52956542969025e-09,3.96810217816025e-07
ENSG00000197217,ENTPD4,protein_coding,-1.19650764206573,1.07485948427661e-08,8.38614326794977e-07,-1.20984709877838,9.01412240407731e-09,4.13655266473354e-07
ENSG00000198892,SHISA4,protein_coding,-1.21031730962739,6.40052381630905e-08,3.05349830472323e-06,-1.39575202894021,1.06297186903729e-08,4.57566626384445e-07
ENSG00000115129,TP53I3,protein_coding,-1.49931685162552,3.62821391882569e-07,9.91800082189944e-06,-2.00678702983354,1.25575214621528e-08,5.08409922981213e-07
ENSG00000182054,IDH2,protein_coding,-1.28824610500262,1.07827329081589e-07,4.27315711545557e-06,-1.47499436929607,2.04156760217064e-08,7.2470812039138e-07
ENSG00000125378,BMP4,protein_coding,-1.49385552423728,5.69219525671152e-08,2.84230283151795e-06,-1.61218690685195,2.15197511419264e-08,7.46217296541798e-07
ENSG00000197879,MYO1C,protein_coding,-1.17161398672784,5.61115955676288e-07,1.37345049281549e-05,-1.49033863315536,2.87866741240546e-08,9.25374202528621e-07
ENSG00000134198,TSPAN2,protein_coding,-1.57300251390462,2.26551448628446e-08,1.46281926743712e-06,-1.49455679059775,4.17916715442878e-08,1.23236070813668e-06
ENSG00000081791,DELE1,protein_coding,-1.46705740977949,8.20265640355913e-07,1.84498187575549e-05,-1.93493198045389,4.27530334633124e-08,1.25576557113808e-06
ENSG00000064666,CNN2,protein_coding,-1.53698648990329,7.43183278912281e-07,1.69708620702835e-05,-1.90494883449746,4.75897923559808e-08,1.34002836370788e-06
ENSG00000146063,TRIM41,protein_coding,-1.23154867999364,1.01347395172976e-06,2.20666276117904e-05,-1.62156492349558,4.80634030513366e-08,1.34829546387457e-06
ENSG00000100196,KDELR3,protein_coding,-1.66176174608767,2.08030883401944e-07,6.74524379515395e-06,-1.90427555828368,4.82924631921082e-08,1.34966622876452e-06
ENSG00000278615,C11orf98,protein_coding,-1.00885304999719,7.27829801397667e-08,3.32836951507725e-06,-1.02152093304523,6.03301786456088e-08,1.5799756575371e-06
ENSG00000177951,BET1L,protein_coding,-1.20865276921328,1.12885106549883e-07,4.35829612401351e-06,-1.26815021083509,6.17412159478184e-08,1.59111796110463e-06
ENSG00000157570,TSPAN18,protein_coding,-1.77272009384538,2.76485797759599e-07,8.2177723222992e-06,-2.04125869039309,6.57612546057917e-08,1.6696671084657e-06
ENSG00000111077,TNS2,protein_coding,-2.44895097008834,1.04161858164086e-07,4.21133340715746e-06,-2.5117279346981,8.0246306039686e-08,1.93885429753951e-06
ENSG00000213676,ATF6B,protein_coding,-1.11421395192595,2.89673704498259e-06,4.84298224708027e-05,-1.50217104603293,8.28931905709229e-08,1.98996794030837e-06
ENSG00000240771,ARHGEF25,protein_coding,-1.06203456758232,1.5229015278593e-07,5.34241272643598e-06,-1.09338638084265,1.0335105841454e-07,2.37453812124205e-06
ENSG00000099949,LZTR1,protein_coding,-1.05880236405583,5.74325483549905e-07,1.39374564216097e-05,-1.2136264424038,1.07110032941914e-07,2.43107317192404e-06
ENSG00000138131,LOXL4,protein_coding,-1.04257262944215,1.09839677965947e-06,2.3240090055507e-05,-1.25714489210991,1.08458420949406e-07,2.44657262952393e-06
ENSG00000140416,TPM1,protein_coding,-1.17471575431555,2.1082139183222e-06,3.83339865077005e-05,-1.45823598375298,1.1538496468577e-07,2.5644907581496e-06
ENSG00000168101,NUDT16L1,protein_coding,-1.61299451277679,5.63819764279774e-07,1.37557330112557e-05,-1.86716672807979,1.22008461545345e-07,2.67205665782056e-06
ENSG00000204843,DCTN1,protein_coding,-1.14126387441654,1.88931713344302e-06,3.56314361693739e-05,-1.42159606360151,1.27500861032356e-07,2.74830744185181e-06
ENSG00000107796,ACTA2,protein_coding,-1.26696192232894,8.09788313932431e-07,1.82690194920298e-05,-1.43775519365832,1.45608689400372e-07,3.0463940882927e-06
ENSG00000128510,CPA4,protein_coding,-1.42284046452901,1.82419217404018e-07,6.15459431691933e-06,-1.44188321969947,1.51863587447191e-07,3.1596063054985e-06
ENSG00000143224,PPOX,protein_coding,-1.39867996040652,1.99145497695776e-07,6.5270783674851e-06,-1.41196189700154,1.72696677752879e-07,3.50541494950967e-06
ENSG00000156990,RPUSD3,protein_coding,-1.24418466038836,6.33399861693321e-06,8.76925131993156e-05,-1.75863198972245,1.80382685370654e-07,3.58373027434004e-06
ENSG00000104044,OCA2,protein_coding,-1.48583138315491,3.69579235292173e-05,0.000351734240449603,-2.06491556129147,1.87560722653233e-07,3.67756495464062e-06
ENSG00000186834,HEXIM1,protein_coding,-1.14439559597133,6.7002305229275e-07,1.57318892215445e-05,-1.26981700762335,1.99448756060689e-07,3.85018346106845e-06
ENSG00000067836,ROGDI,protein_coding,-1.79615157975717,1.18833059998655e-06,2.47927470582153e-05,-2.16457571344122,1.9851014938451e-07,3.85018346106845e-06
ENSG00000197256,KANK2,protein_coding,-1.09763884093563,1.07827038350779e-06,2.29438783308903e-05,-1.25933225511379,2.08477616199281e-07,3.98341159523627e-06
ENSG00000150764,DIXDC1,protein_coding,-1.31535986162661,3.91431006789186e-06,6.15928201859454e-05,-1.52461398972199,2.27332735018608e-07,4.27819644545068e-06
ENSG00000113108,APBB3,protein_coding,-1.12711016605844,7.55686638312908e-07,1.7151796730193e-05,-1.2272164447058,2.77653386587104e-07,5.0631225979738e-06
ENSG00000110237,ARHGEF17,protein_coding,-1.7078110923793,3.12477085331031e-07,8.89906224003584e-06,-1.71992992309441,2.81119418505314e-07,5.06927445190232e-06
ENSG00000100100,PIK3IP1,protein_coding,-1.2374182101572,8.01483578938996e-06,0.000106816939613044,-1.70802520034098,2.90389208824451e-07,5.21586372684685e-06
ENSG00000024422,EHD2,protein_coding,-1.72626046430328,2.14307647495356e-06,3.84931481952091e-05,-2.07988613365138,3.25400738644238e-07,5.6812390033691e-06
ENSG00000075461,CACNG4,protein_coding,-1.56294117311928,1.44010516744315e-06,2.85354172067439e-05,-1.80302072263088,3.37222476310034e-07,5.83324791584793e-06
ENSG00000136877,FPGS,protein_coding,-1.05160890284519,5.58284671843419e-06,7.94971899640153e-05,-1.34431638675728,3.66512403959947e-07,6.21930360072637e-06
ENSG00000198753,PLXNB3,protein_coding,-1.61574776381262,3.27019432632037e-07,9.105485317524e-06,-1.58877883703891,3.74531695711267e-07,6.30391550758964e-06
ENSG00000161010,MRNIP,protein_coding,-1.97735513143221,7.26668899808442e-07,1.67469232602007e-05,-2.11322029159169,3.77887145401903e-07,6.34613165708577e-06
ENSG00000172830,SSH3,protein_coding,-1.53217974594621,1.51964235184269e-06,2.97183321548348e-05,-1.7422486350219,4.00111664286929e-07,6.67446852006481e-06
ENSG00000196411,EPHB4,protein_coding,-1.12678443263249,2.39535498914217e-06,4.14330603724336e-05,-1.29986868632986,4.7280101388201e-07,7.61565504080915e-06
ENSG00000262814,MRPL12,protein_coding,-1.09459121893517,1.89072359407888e-05,0.000209489936681225,-1.53522120535363,5.76009992725909e-07,8.91387364776252e-06
ENSG00000137801,THBS1,protein_coding,-1.44308229804409,8.81778295358592e-07,1.95966056579794e-05,-1.48365125937505,6.13892381238251e-07,9.44158918988604e-06
ENSG00000123374,CDK2,protein_coding,-1.05793177011771,8.70379733515658e-06,0.00011465375616146,-1.25797679078989,6.579704218372e-07,9.93588399104965e-06
ENSG00000213977,TAX1BP3,protein_coding,-1.29508289938069,5.04816560831103e-06,7.44306307209638e-05,-1.54082405947053,6.641825468517e-07,9.9693933385155e-06
ENSG00000100968,NFATC4,protein_coding,-1.55386264887979,5.15435109323945e-06,7.55500776680303e-05,-1.88141196451874,6.8374618201531e-07,1.01619878563803e-05
ENSG00000104884,ERCC2,protein_coding,-1.3277449743859,8.34090911897526e-06,0.000110377048235203,-1.67930447721507,8.01845308925024e-07,1.16166757521246e-05
ENSG00000185909,KLHDC8B,protein_coding,-1.15941088162807,1.40833651790977e-06,2.80543630828302e-05,-1.19889309292977,9.42335427404753e-07,1.32421995333238e-05
ENSG00000135437,RDH5,protein_coding,-1.40826457848871,5.7382547202536e-06,8.09407304231628e-05,-1.67424200739329,9.96790256277882e-07,1.37748321393383e-05
ENSG00000074071,MRPS34,protein_coding,-1.06458636052039,2.50710335040687e-05,0.000261171127879659,-1.43391273794188,9.99072293933169e-07,1.37809419549898e-05
ENSG00000044090,CUL7,protein_coding,-1.02452647565101,3.22610330536296e-06,5.28742095342857e-05,-1.13096307836279,1.03653956881267e-06,1.41932017740529e-05
ENSG00000073050,XRCC1,protein_coding,-1.00244205864723,2.50098896313148e-05,0.000260897038075972,-1.19831595058176,1.04195520352383e-06,1.42413220335647e-05
ENSG00000153406,NMRAL1,protein_coding,-1.22946094202851,2.63020521076699e-05,0.000270236447580861,-1.70700015293433,1.06425855222861e-06,1.44932664658042e-05
ENSG00000124574,ABCC10,protein_coding,-1.35816332626319,1.04155707743409e-05,0.00013134667428241,-1.67346404937177,1.09552922636567e-06,1.47847097396016e-05
ENSG00000137267,TUBB2A,protein_coding,-1.20624838183715,2.42075584439443e-05,0.000254298194593469,-1.60418873358347,1.24887798193694e-06,1.63533148334051e-05
ENSG00000173914,RBM4B,protein_coding,-1.01256521704942,6.20574542501812e-05,0.000524616627916317,-1.27287801900754,1.39220446597373e-06,1.77642443784382e-05
ENSG00000159792,PSKH1,protein_coding,-1.22058260985635,2.11166583760118e-05,0.000230123215469374,-1.59634903918268,1.4770742393889e-06,1.85125828620801e-05
ENSG00000173559,NABP1,protein_coding,-1.01476720400341,3.58349653706536e-06,5.77212668013323e-05,-1.08681536065425,1.5687355131783e-06,1.94212049482735e-05
ENSG00000178922,HYI,protein_coding,-1.13373602414103,3.09103732895217e-05,0.000305460709812403,-1.52421828461591,1.61905430373147e-06,1.98148966257332e-05
ENSG00000163251,FZD5,protein_coding,-1.0605157167797,2.89281489327868e-05,0.000290056004694208,-1.25005088224848,1.72477950354631e-06,2.08364491638095e-05
ENSG00000144057,ST6GAL2,protein_coding,-2.14231040377324,3.14023475265695e-06,5.18069566022038e-05,-2.28985357564135,1.73718050262783e-06,2.09524669318558e-05
ENSG00000161981,SNRNP25,protein_coding,-1.1529998374701,2.32719565269378e-06,4.09171254429024e-05,-1.16617685213015,1.75954684094083e-06,2.11202016644981e-05
ENSG00000162458,FBLIM1,protein_coding,-1.20645319202342,6.79413419226467e-06,9.35442373162911e-05,-1.34907369586788,1.82874596422586e-06,2.18457851228895e-05
ENSG00000158321,AUTS2,protein_coding,-1.0958224069731,2.82550818933558e-06,4.76645413020799e-05,-1.13630115994903,1.83401670853017e-06,2.1873861698871e-05
ENSG00000138772,ANXA3,protein_coding,-1.02864092743202,3.80196270701371e-06,6.02044411744877e-05,-1.08974116090178,1.92527607185217e-06,2.28169585097671e-05
ENSG00000167100,SAMD14,protein_coding,-1.68071586886778,2.73485541157649e-05,0.000279074482734441,-2.26221779050783,2.11377288217821e-06,2.47377482617418e-05
ENSG00000173992,CCS,protein_coding,-1.42834604397671,2.95774327433895e-05,0.000294981394913129,-1.88672254877499,2.1855216159147e-06,2.5261661887656e-05
ENSG00000077092,RARB,protein_coding,-1.49104891866061,1.18516579697233e-05,0.00014600151018623,-1.7735775686905,2.291529721877e-06,2.61234263881651e-05
ENSG00000108819,PPP1R9B,protein_coding,-1.1455711954861,6.44455649091433e-05,0.000539326571139087,-1.60969759464906,2.4884475567551e-06,2.78186152240234e-05
ENSG00000166165,CKB,protein_coding,-1.54938523971653,1.2376890024095e-05,0.000150736432976376,-1.79598494860222,2.59052133777909e-06,2.87451923258747e-05
ENSG00000130827,PLXNA3,protein_coding,-1.30011160604164,1.38063219689182e-05,0.000163622391688604,-1.51889280292882,2.63452839644791e-06,2.90465970915892e-05
ENSG00000187838,PLSCR3,protein_coding,-1.06106914092217,1.80859183580438e-05,0.00020278971332597,-1.26416065015847,2.70372424110545e-06,2.96065710027483e-05
ENSG00000196642,RABL6,protein_coding,-1.2610168308773,0.000109399084746205,0.000812895976933608,-1.89295193605171,2.88165037705896e-06,3.11451101358898e-05
ENSG00000175906,ARL4D,protein_coding,-1.29778995391335,1.42366334872205e-05,0.000166873841657717,-1.50703620432155,3.27056968440268e-06,3.48457566659688e-05
ENSG00000241852,C8orf58,protein_coding,-1.48927041383427,8.33920710158591e-06,0.000110377048235203,-1.57107528871909,3.33653357493422e-06,3.54477113138401e-05
ENSG00000196923,PDLIM7,protein_coding,-2.36480259726377,1.34967098745864e-05,0.000161228639490673,-2.72171972915144,3.37349938189917e-06,3.57896747456442e-05
ENSG00000128159,TUBGCP6,protein_coding,-1.6957629605258,1.06947474569865e-05,0.000133283957492227,-1.89725671641741,3.79491630718013e-06,3.92991745852346e-05
ENSG00000154096,THY1,protein_coding,-1.20290401709481,1.98125611998349e-05,0.000217589565083231,-1.38668926528721,3.81448597109019e-06,3.92991745852346e-05
ENSG00000112559,MDFI,protein_coding,-1.6690353776744,2.56632922231283e-05,0.000265147957558138,-2.0410966507578,4.30464086789356e-06,4.36880218164265e-05
ENSG00000198276,UCKL1,protein_coding,-1.7540205926045,1.94176102018175e-05,0.00021451017759825,-2.08210907458715,4.37192806479562e-06,4.42510016288098e-05
ENSG00000101473,ACOT8,protein_coding,-1.01262765698433,9.79140561123866e-05,0.000754992378834212,-1.4004210122224,4.43785229410459e-06,4.47193467542361e-05
ENSG00000134330,IAH1,protein_coding,-1.04790443398018,0.000424193751608016,0.00234134944697424,-1.71477257577064,4.56405821526554e-06,4.58241233677465e-05
ENSG00000160613,PCSK7,protein_coding,-1.33448029433207,2.34727752389288e-05,0.000247970502876695,-1.57910723037841,4.7184803064606e-06,4.69965658183377e-05
ENSG00000086991,NOX4,protein_coding,-1.71452626575468,5.70167770392737e-06,8.07288582276295e-05,-1.7276172735697,4.77323665193197e-06,4.74788081314349e-05
ENSG00000175662,TOM1L2,protein_coding,-1.04839369366818,3.31917127612335e-05,0.0003232846925639,-1.25661140342724,4.83454594174991e-06,4.78567283122317e-05
ENSG00000137124,ALDH1B1,protein_coding,-1.15423001548255,3.74787461681968e-05,0.000355336466835183,-1.41001370000098,4.92385051175621e-06,4.85258425434921e-05
ENSG00000187325,TAF9B,protein_coding,-1.12009822309724,4.3203106677507e-05,0.000398021241100279,-1.34595394936508,5.10470719979148e-06,4.99141735332092e-05
ENSG00000082014,SMARCD3,protein_coding,-1.12936134295821,9.09725423759674e-06,0.000118854863236687,-1.1875623513391,5.25977748187264e-06,5.08988802832378e-05
ENSG00000139174,PRICKLE1,protein_coding,-1.14019443965044,2.37434565146316e-05,0.000249773159121616,-1.31264921999628,5.42179230928244e-06,5.17314960465292e-05
ENSG00000157404,KIT,protein_coding,-1.43400653296475,3.74278139955395e-06,5.95189653559641e-05,-1.39164345048957,5.78787316714114e-06,5.43247744635177e-05
ENSG00000172732,MUS81,protein_coding,-1.02777298169428,0.000198185641207443,0.00129191510238795,-1.49257565887891,5.90683791042486e-06,5.51648577918731e-05
ENSG00000141295,SCRN2,protein_coding,-1.35882490677467,0.000117141900490861,0.000858505709076854,-1.89001568964721,5.98395881816021e-06,5.54701133020049e-05
ENSG00000139625,MAP3K12,protein_coding,-1.31749093833978,2.74770808603228e-05,0.000279720687027156,-1.53881915746878,6.10742156214861e-06,5.63356988922328e-05
ENSG00000164050,PLXNB1,protein_coding,-1.00188275064147,4.5532543683619e-05,0.000413881980813478,-1.2082399003552,6.15278535624945e-06,5.66843324948443e-05
ENSG00000108528,SLC25A11,protein_coding,-1.1680593629243,0.000121863672592705,0.00088360010427818,-1.61632644768233,6.31284324349068e-06,5.76981186613678e-05
ENSG00000267645,,protein_coding,-1.23685266598329,0.000249373664281864,0.00155142582534686,-1.9025424296307,6.31674997360769e-06,5.76981186613678e-05
ENSG00000117318,ID3,protein_coding,-1.72419523142001,5.17422270268772e-05,0.000459181611885438,-2.19442011278808,6.33133941858545e-06,5.77609406153533e-05
ENSG00000140937,CDH11,protein_coding,-1.18679422676732,1.27775608476472e-05,0.000154361178627222,-1.25568495686023,6.65918744130311e-06,5.97333101022279e-05
ENSG00000137285,TUBB2B,protein_coding,-1.24271770068019,4.37717580612975e-05,0.000402270512735115,-1.48579968606775,6.7339131822996e-06,6.02795201199311e-05
ENSG00000159423,ALDH4A1,protein_coding,-1.32174913618794,0.000232837060880369,0.00146731876810731,-2.00014153096477,7.57542525802627e-06,6.62076256506613e-05
ENSG00000100417,PMM1,protein_coding,-1.13488883387933,3.69235793280775e-05,0.000351734240449603,-1.33095814140321,7.67914273732568e-06,6.70358730799176e-05
ENSG00000172992,DCAKD,protein_coding,-1.14858264864787,1.25566899722561e-05,0.000152430482807452,-1.19789737565854,8.00861785270395e-06,6.92662213819314e-05
ENSG00000100242,SUN2,protein_coding,-1.36059881947197,0.000177372341213654,0.00118511938955421,-1.93547482695261,8.02878405077299e-06,6.93605450291692e-05
ENSG00000027847,B4GALT7,protein_coding,-1.15772623307627,0.000117756346882809,0.000860482964050963,-1.53830278065905,8.99225296287286e-06,7.54221441118899e-05
ENSG00000105520,PLPPR2,protein_coding,-1.13303639498176,1.66017107146973e-05,0.000187835065336983,-1.20107526676018,9.03723466625317e-06,7.55705476763725e-05
ENSG00000178882,RFLNA,protein_coding,-1.90445904028912,1.31690038419089e-05,0.000157930057435395,-1.97771851970259,9.30102923820459e-06,7.74052322157249e-05
ENSG00000103202,NME4,protein_coding,-1.11124193097158,0.000155974256248194,0.00106689240118627,-1.45954970838599,1.02732595658413e-05,8.32756646625011e-05
ENSG00000103502,CDIPT,protein_coding,-1.12196744008614,0.000227180861460613,0.00144202089181355,-1.55803056483941,1.03630590520431e-05,8.38630417382203e-05
ENSG00000154545,MAGED4,protein_coding,-1.44889898761982,7.6688402189576e-05,0.00061432741433147,-1.81352642664357,1.08821507481798e-05,8.70804584443017e-05
ENSG00000065308,TRAM2,protein_coding,-1.11222797914057,1.6769928268425e-05,0.000189452130815239,-1.1550678801307,1.09531981500411e-05,8.74256578587942e-05
ENSG00000105655,ISYNA1,protein_coding,-1.44208210623019,0.000145052535640344,0.00101064510878714,-1.93596004376548,1.09770117214443e-05,8.74256578587942e-05
ENSG00000149761,NUDT22,protein_coding,-1.17930270403126,2.5373004417481e-05,0.000263726227452647,-1.28152826035113,1.10617127215691e-05,8.75816366644322e-05
ENSG00000007866,TEAD3,protein_coding,-1.05930722868622,1.55527377056097e-05,0.00017921539294618,-1.08943959754772,1.13556841427382e-05,8.94364608087369e-05
ENSG00000169184,MN1,protein_coding,-1.44016779676117,2.45900274442927e-05,0.000257233666980101,-1.56115450164815,1.14176353559275e-05,8.97443634219167e-05
ENSG00000160783,PMF1,protein_coding,-1.08353869101449,6.83223768428269e-05,0.000562964359243975,-1.30211649199208,1.15345091620318e-05,9.03697422841197e-05
ENSG00000183779,ZNF703,protein_coding,-1.04078614004618,0.000180138664584727,0.0012003902115121,-1.40445193388623,1.15632296354757e-05,9.05000940122396e-05
ENSG00000134508,CABLES1,protein_coding,-1.1485789390888,9.1243720108271e-06,0.000118854863236687,-1.12660802337545,1.18298038508712e-05,9.1818892065311e-05
ENSG00000166106,ADAMTS15,protein_coding,-1.42706303570365,0.000134595855630242,0.000957381727132491,-1.71162314042261,1.21641905381381e-05,9.37454804255223e-05
ENSG00000198467,TPM2,protein_coding,-1.10309042418066,0.000285714431459169,0.00171474446444645,-1.47208812253347,1.3203430543899e-05,0.000100399690125689
ENSG00000078401,EDN1,protein_coding,-1.54873190125783,8.1921503822407e-06,0.000108986156950236,-1.45295232555236,1.43409465320251e-05,0.000106773051217563
ENSG00000162032,SPSB3,protein_coding,-1.63639521364052,0.000167874971560304,0.0011337994021521,-2.24691999023762,1.43341427711007e-05,0.000106773051217563
ENSG00000169169,CPT1C,protein_coding,-1.23583293316078,6.80855343157348e-05,0.000561839021646061,-1.45497597073541,1.45230831157928e-05,0.000107914575929849
ENSG00000127419,TMEM175,protein_coding,-1.42553802351147,0.000105696245496954,0.000793251381535258,-1.8014471055109,1.456245712924e-05,0.000107992875146542
ENSG00000203706,SERTAD4-AS1,lncRNA,-1.51144289252377,6.84692585599881e-06,9.35829829588159e-05,-1.38917838508378,1.46344400499251e-05,0.000108359786826235
ENSG00000132535,DLG4,protein_coding,-1.15483087650641,3.45049161435781e-05,0.000332801732636548,-1.25863973038524,1.47542208647121e-05,0.000108983347412913
ENSG00000175745,NR2F1,protein_coding,-1.22165212972163,6.73945480757583e-05,0.000558390669344501,-1.42734085811455,1.47804620753244e-05,0.000109069616693773
ENSG00000125520,SLC2A4RG,protein_coding,-1.43265881172451,0.000199995163129369,0.00130128263774609,-1.9619000996774,1.52389020870037e-05,0.000111861082574449
ENSG00000166002,SMCO4,protein_coding,-1.15196182397237,0.000119077731465346,0.000867599424781558,-1.42596023284117,1.71070080763611e-05,0.000123465829504021
ENSG00000171130,ATP6V0E2,protein_coding,-1.07533612638353,0.000452795221755723,0.00245045968999304,-1.57386519844482,1.75647836870889e-05,0.000125894956762006
ENSG00000149499,EML3,protein_coding,-1.11638786284,1.48495266051839e-05,0.00017217175584029,-1.08091498864352,1.98436668001218e-05,0.000138671700431923
ENSG00000149782,PLCB3,protein_coding,-1.26890791720383,5.54289815324473e-05,0.00048443765656713,-1.41341677247598,2.04251465218861e-05,0.000141914979080637
ENSG00000142303,ADAMTS10,protein_coding,-1.9618662918002,2.2244062581147e-05,0.000239723782349339,-1.97414635928772,2.05458733172078e-05,0.000142413245821538
ENSG00000177106,EPS8L2,protein_coding,-1.33598144632833,4.7604889650939e-05,0.000427530723603757,-1.45220512594299,2.08909503613005e-05,0.000144481272581847
ENSG00000188130,MAPK12,protein_coding,-1.52225780935501,0.000252984088563062,0.00156599241598127,-2.09574223619046,2.10681769293392e-05,0.000145572550923202
ENSG00000141258,SGSM2,protein_coding,-1.04311580424227,0.000232126201949457,0.00146656347119109,-1.34242629475442,2.15812860300305e-05,0.000148706377520634
ENSG00000173581,CCDC106,protein_coding,-1.20430558880262,0.000128416614037598,0.000918663265655789,-1.47063725646769,2.18006796716987e-05,0.000149804670404609
ENSG00000118523,CCN2,protein_coding,-1.13489350153007,4.05097715951976e-05,0.000376463680348288,-1.17357852669153,2.78378196162534e-05,0.00018419193367998
ENSG00000148341,SH3GLB2,protein_coding,-1.20539565539088,0.000132425447153773,0.000943736060115854,-1.41876684960352,2.83315398716674e-05,0.000186798621160905
ENSG00000090238,YPEL3,protein_coding,-1.49404290084569,5.48294775990554e-05,0.000480881483860568,-1.59845191922519,2.95153246526715e-05,0.000192401898736736
ENSG00000100379,KCTD17,protein_coding,-1.05890809679682,5.85910718306177e-05,0.000504421986219915,-1.12582927367087,3.20875482795612e-05,0.000206474000527417
ENSG00000119699,TGFB3,protein_coding,-1.63649897305151,4.01919827736676e-05,0.000374425312157675,-1.67419041199732,3.21299040826616e-05,0.000206569082900545
ENSG00000090097,PCBP4,protein_coding,-1.00509946217943,0.000470092976771395,0.00252998031710768,-1.348502930482,3.35341712728403e-05,0.000213580733702018
ENSG00000136490,LIMD2,protein_coding,-1.40244265612578,0.000122662016853209,0.000888528536006317,-1.63068853917845,3.39722155687998e-05,0.000216003306120807
ENSG00000267368,UPK3BL1,protein_coding,-1.45369571522546,0.000101408678170239,0.000774261977059214,-1.64745732204539,3.46445510961434e-05,0.000219718617874779
ENSG00000205572,SERF1B,protein_coding,-1.51119904322479,7.2792619723032e-06,9.85925355742331e-05,-1.27112729677206,3.50221561488e-05,0.000221737911711337
ENSG00000099899,TRMT2A,protein_coding,-1.37764596236907,0.000242644834303479,0.00151703656839154,-1.73985209637644,3.58724968564004e-05,0.000225596138920604
ENSG00000149809,TM7SF2,protein_coding,-1.10479323492495,0.0008598813750758,0.00408921365036047,-1.64097066917303,3.6964548190092e-05,0.000231298634873675
ENSG00000211450,SELENOH,protein_coding,-1.17172708284615,4.39354028163815e-05,0.000402786006235859,-1.18456967749048,3.86544501019216e-05,0.000239446240711655
ENSG00000079257,LXN,protein_coding,-1.19850266270272,2.82396912207997e-05,0.000285445731772996,-1.16807347481557,3.89835853508406e-05,0.000240913411120294
ENSG00000123933,MXD4,protein_coding,-1.23958574092881,0.000130731115178647,0.000933437609807497,-1.41631199070397,3.9384997984777e-05,0.000242593449758207
ENSG00000171992,SYNPO,protein_coding,-1.41406914277714,6.87650687728474e-05,0.00056474820735595,-1.49603905924227,3.97820721374249e-05,0.000244837896720881
ENSG00000179526,SHARPIN,protein_coding,-1.21918977000877,0.0011878939012576,0.0053230801039927,-1.89065072390883,4.30450566633626e-05,0.000261906965400963
ENSG00000215440,NPEPL1,protein_coding,-1.2501598991031,0.000211653687354693,0.00136535456735488,-1.50631362215333,4.32512660374284e-05,0.000262734779091921
ENSG00000072163,LIMS2,protein_coding,-1.9945952583417,0.000147755053290519,0.00102376073001479,-2.3487237323915,4.55173365050673e-05,0.000273835221223256
ENSG00000099203,TMED1,protein_coding,-1.15276017978242,0.00059483070523682,0.00307049068382066,-1.57621754619135,4.81425585760618e-05,0.000286402484728646
ENSG00000135723,FHOD1,protein_coding,-1.19828017973075,0.000193864764171989,0.00127110898059716,-1.40132724018466,5.00185672714331e-05,0.000295456678914064
ENSG00000136153,LMO7,protein_coding,-1.52362352250273,6.30423855806584e-05,0.000531144508435469,-1.55756514423031,5.01950139189879e-05,0.000296265290979685
ENSG00000169718,DUS1L,protein_coding,-1.01518900036419,0.000179427543429384,0.00119671620684424,-1.16357510247891,5.09305041525857e-05,0.000299897386873323
ENSG00000173442,EHBP1L1,protein_coding,-1.02407984701694,0.000235185849750085,0.0014778037035471,-1.19547932549661,5.78103073233378e-05,0.000333846724635158
ENSG00000176720,BOK,protein_coding,-1.39695541440153,0.000356224203685661,0.00204453585103878,-1.74901388777069,6.03401451179799e-05,0.000345525754536444
ENSG00000124067,SLC12A4,protein_coding,-1.08434861492238,6.86521161805746e-05,0.000564439462340839,-1.09571816302257,6.10394066301763e-05,0.000348730095850511
ENSG00000180340,FZD2,protein_coding,-1.25215850847589,9.08957291137478e-05,0.000709176053189553,-1.30541319181997,6.1634725920344e-05,0.000351594895006379
ENSG00000139998,RAB15,protein_coding,-1.01267042718106,9.64172232595399e-05,0.00074526832013824,-1.05875301150971,6.25971646137025e-05,0.000356271096471605
ENSG00000213983,AP1G2,protein_coding,-1.55219183344134,0.000155312622324209,0.00106333778903869,-1.73385278332607,6.3164172339504e-05,0.000358680554073453
ENSG00000141858,SAMD1,protein_coding,-1.2111984623491,0.000277428889705713,0.00167440965664447,-1.44340786698885,6.35147009919871e-05,0.000359852579750366
ENSG00000010295,IFFO1,protein_coding,-1.1542620113902,0.000223957411618671,0.00142777381394581,-1.33497905506646,6.36908166759869e-05,0.000360577639382571
ENSG00000103266,STUB1,protein_coding,-1.02259016975589,0.00167405232601221,0.00699311317447378,-1.49654979491549,6.4910209687858e-05,0.000365650726785982
ENSG00000120913,PDLIM2,protein_coding,-1.76693831144898,0.00118771746819241,0.0053230801039927,-2.64482919176293,7.12228757679633e-05,0.000393696929521805
ENSG00000132613,MTSS2,protein_coding,-1.09644784523888,0.000703014351913417,0.0034800062522808,-1.43832491412647,7.14787163373015e-05,0.000394528725459902
ENSG00000213722,DDAH2,protein_coding,-1.25496027328229,0.00108054098999976,0.00494395358283336,-1.74451045996155,7.14592386297761e-05,0.000394528725459902
ENSG00000160094,ZNF362,protein_coding,-1.14323535087286,0.00061394766146742,0.00314317702282363,-1.49252130544921,7.20524313247793e-05,0.00039623547035433
ENSG00000196700,ZNF512B,protein_coding,-1.20841472820132,0.000406563820496984,0.00227081507496078,-1.49541097369088,7.25501669147037e-05,0.000398387646767691
ENSG00000066468,FGFR2,protein_coding,-1.23201108819785,9.12434935133375e-05,0.000710409320597607,-1.24520850020649,7.60345532812895e-05,0.000414180948419533
ENSG00000106330,MOSPD3,protein_coding,-1.13051671235048,5.78100491182749e-05,0.000503485195227766,-1.1024695870899,7.75787755035194e-05,0.000421672734776024
ENSG00000125995,ROMO1,protein_coding,-1.31953684890375,0.0020013767355921,0.00810287121599179,-1.99061901960087,7.78473109817508e-05,0.000422825496195296
ENSG00000138771,SHROOM3,protein_coding,-1.21659957758031,0.000391636013122844,0.00220221752123882,-1.46931089105263,7.84505170997049e-05,0.000425484701721064
ENSG00000176973,FAM89B,protein_coding,-1.28316328806784,0.00109026622095192,0.00497806508409602,-1.80353351399174,7.99971754367327e-05,0.000432307968269212
ENSG00000185504,FAAP100,protein_coding,-1.88232720681543,0.000322632196850888,0.00189625657244879,-2.29887516677062,8.05741577011619e-05,0.000435112070066116
ENSG00000124006,OBSL1,protein_coding,-1.28193994185686,0.000169888681914957,0.00114533413820255,-1.38464690709907,8.42891626104757e-05,0.00045191541013061
ENSG00000171680,PLEKHG5,protein_coding,-1.2735011094639,9.54961019813244e-05,0.000738910954380289,-1.28666304050166,8.50218466866435e-05,0.000454951555986512
ENSG00000103148,NPRL3,protein_coding,-1.08999851916148,0.000389891894147221,0.00219735913255281,-1.29843822994134,9.00263535400839e-05,0.000476354334120567
ENSG00000138650,PCDH10,protein_coding,-1.27569140421694,0.000105129279054909,0.000792969083707217,-1.28872725873198,9.37665685025965e-05,0.000493111056933815
ENSG00000104835,SARS2,protein_coding,-1.4685972248432,0.000211821362785897,0.00136535456735488,-1.61566507432216,9.74764900566954e-05,0.000510558678688566
ENSG00000079462,PAFAH1B3,protein_coding,-1.01605087583557,0.00164185620827067,0.00687779809840452,-1.45890417040703,9.89044341278229e-05,0.00051561877822097
ENSG00000126456,IRF3,protein_coding,-1.03750331687128,0.000250084920161105,0.00155318080597569,-1.14790064597696,9.97119041225093e-05,0.000518640390192774
ENSG00000261236,BOP1,protein_coding,-1.60688446005764,0.000885009315801577,0.00417425678548729,-2.19022936568145,0.000104926984979884,0.000539257009716075
ENSG00000076928,ARHGEF1,protein_coding,-1.48056946621951,0.000188005204948032,0.00124176277342219,-1.58720132142091,0.000105500815538672,0.000541457078309782
ENSG00000113758,DBN1,protein_coding,-1.34242917487102,0.000241477746167769,0.00151226448059916,-1.45899388084918,0.00011132515945431,0.000566810187277534
ENSG00000158863,FHIP2B,protein_coding,-1.25049232172032,0.000254388322764958,0.00156949632414294,-1.37965687296668,0.000111470147644834,0.000566810187277534
ENSG00000002330,BAD,protein_coding,-1.11922446688662,0.00140448300845593,0.00610538463919611,-1.56120405283324,0.000111426583665279,0.000566810187277534
ENSG00000072195,SPEG,protein_coding,-1.02369858177607,0.000568130251499072,0.0029509678111845,-1.22370390534958,0.000112167300024116,0.000569581747241107
ENSG00000122515,ZMIZ2,protein_coding,-1.13943977769847,0.000247452842077572,0.00154323212919319,-1.23682545011618,0.000121743429242605,0.000607905523351407
ENSG00000204681,GABBR1,protein_coding,-1.12801358380128,0.000141293706959983,0.000988132460439098,-1.14123288798625,0.000124520930142324,0.000620533444288759
ENSG00000128283,CDC42EP1,protein_coding,-1.66634055440046,0.000565238357829981,0.00294206761650213,-2.02621794788687,0.000127829024753233,0.000634486014182713
ENSG00000007541,PIGQ,protein_coding,-1.38180359641834,0.000508480221723579,0.00269534101961048,-1.65545632391466,0.000129611278451559,0.000641214668553458
ENSG00000183840,GPR39,protein_coding,-1.30849730950351,0.000109589907656562,0.000813120164557161,-1.27509161193761,0.000132402464097239,0.000649713126577861
ENSG00000111678,C12orf57,protein_coding,-1.24350423189894,0.00561183521964949,0.0180923243442693,-2.05376239165104,0.000141572492097363,0.000688557120655356
ENSG00000197948,FCHSD1,protein_coding,-1.11327993405464,0.000672516042131968,0.00336707563874896,-1.35195484072879,0.00014517473564322,0.000704247908010181
ENSG00000100314,CABP7,protein_coding,-1.07149544066654,0.00047648699541168,0.00255834236246128,-1.23837734688847,0.0001456974194881,0.000706326001272407
ENSG00000146830,GIGYF1,protein_coding,-1.089480028415,0.00090256944928736,0.0042410571989726,-1.36974937959305,0.000150676290356172,0.00072483327859199
ENSG00000169100,SLC25A6,protein_coding,-1.0348614197215,0.00577650825494205,0.0185214241564709,-1.68759693130764,0.000150853543066812,0.000725195308751001
ENSG00000119280,C1orf198,protein_coding,-1.04903330034313,0.000127703051119096,0.00091465934185685,-1.02847569753817,0.000151986244856682,0.000729261354245064
ENSG00000173531,MST1,protein_coding,-1.23760742963392,0.000268515405073783,0.00163112764314894,-1.32351276348737,0.000152240667528179,0.000730014468492995
ENSG00000171163,ZNF692,protein_coding,-1.24599112708593,6.60988540261053e-05,0.000550089351839476,-1.13141995524487,0.000153883185409829,0.000736005784623001
ENSG00000149823,VPS51,protein_coding,-1.28211691442846,0.000899318658862255,0.00422843487437432,-1.62025255639377,0.000157150759182066,0.000749719226925906
ENSG00000090924,PLEKHG2,protein_coding,-1.38733248821725,1.63370848318209e-05,0.000185682496798692,-1.07932486252278,0.000160687435669642,0.000763188898646557
ENSG00000146067,FAM193B,protein_coding,-1.0052436864975,0.000281089088475874,0.00169105001822032,-1.06997536725851,0.000160665812670769,0.000763188898646557
ENSG00000130787,HIP1R,protein_coding,-1.36451303512942,0.000323198693571352,0.00189625657244879,-1.48623011520495,0.000162539044531892,0.000770517369331566
ENSG00000213445,SIPA1,protein_coding,-1.38960064692561,0.000273126607393705,0.0016497728140152,-1.47485111781488,0.000167455109240622,0.000790818895468005
ENSG00000149212,SESN3,protein_coding,-1.19525512880372,0.000605493711208424,0.00311266156276671,-1.39729551302208,0.000172332415719513,0.000808753003595962
ENSG00000061938,TNK2,protein_coding,-1.04006209751923,0.000260778740679041,0.00159447572872328,-1.08319976198137,0.000180446024823424,0.00083946628939593
ENSG00000169727,GPS1,protein_coding,-1.11441830332222,0.00229626076666475,0.0090047084514759,-1.55495982333848,0.00018608138579839,0.000861269095886655
ENSG00000165915,SLC39A13,protein_coding,-1.45412029055241,0.00139860327585102,0.00608335571203494,-1.92410355425936,0.000188936553964432,0.000870316598520048
ENSG00000131899,LLGL1,protein_coding,-1.09417056574501,0.00151227639646575,0.00644675595306118,-1.44328922685916,0.000192396294464924,0.000882540191513174
ENSG00000007080,CCDC124,protein_coding,-1.07889459035607,0.00695941437236649,0.0214598656438967,-1.85613117560855,0.000201505571244295,0.000918610303481295
ENSG00000157637,SLC38A10,protein_coding,-1.04518366790193,0.00371122856330889,0.0130258209649408,-1.584591803788,0.000202622831900649,0.000921460237362391
ENSG00000101940,WDR13,protein_coding,-1.11582886282554,0.00198939130708017,0.00808055362799917,-1.50939747989295,0.00021309270589695,0.000962644371030248
ENSG00000090565,RAB11FIP3,protein_coding,-1.05578832883304,0.00019406303987327,0.00127110898059716,-1.04067833805496,0.00021342541966636,0.000963566240687786
ENSG00000130733,YIPF2,protein_coding,-1.02028114531012,0.00316165382241291,0.0114455230207214,-1.4862901576054,0.000217993279328851,0.000981231768132868
ENSG00000175482,POLD4,protein_coding,-1.32890986259569,0.00188717925331235,0.00773089018064581,-1.81589057419109,0.000218396968708499,0.000982458435811807
ENSG00000124920,MYRF,protein_coding,-1.62947584632111,0.000403671175464149,0.00226309663490006,-1.77103206543297,0.000218954121002344,0.000983783063171898
ENSG00000125652,ALKBH7,protein_coding,-1.13531169596284,0.00532017824508013,0.0174313801643264,-1.85486143227019,0.000222470146362236,0.000996591744170543
ENSG00000115318,LOXL3,protein_coding,-1.02790504539527,0.0012154259125868,0.0054252324703666,-1.2790901016062,0.000224887334371269,0.00100561560265123
ENSG00000167645,YIF1B,protein_coding,-1.06433082530567,0.00206894638852171,0.00834037053284586,-1.42978451386635,0.000230545689937269,0.00102662735887642
ENSG00000126903,SLC10A3,protein_coding,-1.17113859772634,0.00141754980913146,0.00614080281688529,-1.49153887022865,0.000242847021180063,0.00107247888481054
ENSG00000146826,TRAPPC14,protein_coding,-1.02807794478158,0.000696242892131824,0.00345354918017706,-1.16177427966499,0.000261196577246427,0.00113808165420345
ENSG00000144476,ACKR3,protein_coding,-1.0441044935517,0.00429399400692252,0.0146323999598952,-1.57601926508367,0.000264774436805153,0.00115099276359292
ENSG00000168273,SMIM4,protein_coding,-1.25967266979567,0.000232929508048009,0.00146731876810731,-1.23480052470428,0.000265914488518422,0.00115393946639802
ENSG00000101104,PABPC1L,protein_coding,-1.39073555276408,0.000109797006732743,0.000813431830294997,-1.2298538296017,0.000290271407333887,0.00124165210789881
ENSG00000101335,MYL9,protein_coding,-1.08282235876133,0.00184149493860447,0.00758262621778312,-1.34016357338722,0.000290176909436758,0.00124165210789881
ENSG00000151366,NDUFC2,protein_coding,-1.00394869612206,0.00280192298883141,0.0104891226515617,-1.33206293006395,0.000292938659042063,0.00125091821905647
ENSG00000140983,RHOT2,protein_coding,-1.11055161007921,0.000450693585444485,0.0024408495697608,-1.16726098008595,0.00029549134173971,0.00125966428550394
ENSG00000215788,TNFRSF25,protein_coding,-1.606747929443,0.000723685529553174,0.00356371112186277,-1.80804468063805,0.000317466136811202,0.00133435542352183
ENSG00000213339,QTRT1,protein_coding,-1.26500047958432,0.00208181118583658,0.00836970788079228,-1.66524340608969,0.000321365642109229,0.00134586718722571
ENSG00000148362,PAXX,protein_coding,-1.15375651075849,0.00401954818826784,0.0139027951394015,-1.68949099842145,0.000323435468632051,0.00135095524882997
ENSG00000154134,ROBO3,protein_coding,-1.16994198142148,0.000950987287073054,0.00443517732265079,-1.34369715858608,0.00033853406406341,0.00140111730688202
ENSG00000132329,RAMP1,protein_coding,-1.22336452017905,0.00275174065487121,0.0103466553739886,-1.64751195421199,0.000345361623865157,0.00142569457071264
ENSG00000165912,PACSIN3,protein_coding,-1.15269337949662,0.00350198346231435,0.012478523374279,-1.62337622918306,0.000356511677733411,0.0014568793429076
ENSG00000177666,PNPLA2,protein_coding,-1.39255101377646,0.000862777287541294,0.00409000119220525,-1.56986952460753,0.000364306494593768,0.00148377142170055
ENSG00000077454,LRCH4,protein_coding,-1.343629694642,0.00131704122133496,0.00578910724636084,-1.61607918841532,0.000365602563074243,0.00148662497145824
ENSG00000177697,CD151,protein_coding,-1.02026279220222,0.0027018108231203,0.0101896087941445,-1.29940610571712,0.000365544171312536,0.00148662497145824
ENSG00000105255,FSD1,protein_coding,-1.02584752771574,0.00251716529053625,0.00962263875466781,-1.3440180958974,0.000366245348741414,0.00148843063595941
ENSG00000114923,SLC4A3,protein_coding,-1.33867310310384,0.00186850348638956,0.00768116965590438,-1.70185256478161,0.000373214871137251,0.00151265118226083
ENSG00000100429,HDAC10,protein_coding,-1.5913353888822,0.00179542109663074,0.00741328776944003,-2.02977463710307,0.000381633811738367,0.00154176766446622
ENSG00000164880,INTS1,protein_coding,-1.37059647838689,0.003522612403626,0.0125189855172808,-1.95991381609815,0.000381358025833516,0.00154176766446622
ENSG00000133243,BTBD2,protein_coding,-1.09444761252355,0.00484643395443574,0.0161260729981003,-1.60917665731952,0.000393592166202399,0.00157985280002999
ENSG00000105419,MEIS3,protein_coding,-1.3744090061366,0.0005044241430767,0.0026770968059459,-1.41037238663066,0.000407641190088298,0.00161889316742383
ENSG00000177576,C18orf32,protein_coding,-1.59465708069062,0.000132982760441023,0.000946806916067737,-1.37152515067074,0.000408273215000012,0.00162054392175415
ENSG00000171914,TLN2,protein_coding,-1.07369947900394,0.00157703635411398,0.00667344762277612,-1.28224022620895,0.000434485125656911,0.00170471115304886
ENSG00000135362,PRR5L,protein_coding,-1.05093959056355,0.000521724408150659,0.00275513976183991,-1.06416187644479,0.000440544329704008,0.00172127127255244
ENSG00000075618,FSCN1,protein_coding,-1.22711427950705,0.00309623416037046,0.0112686073183551,-1.59497177343185,0.000444233694569066,0.00173387721329979
ENSG00000174886,NDUFA11,protein_coding,-1.12106165746866,0.0172866092101512,0.0440696742627749,-1.94849700258006,0.000471982326365351,0.00182506330638951
ENSG00000167543,TP53I13,protein_coding,-1.23691051056876,0.00744733681291369,0.0227304615846469,-1.96258926051679,0.000485485376085049,0.0018653770019237
ENSG00000145632,PLK2,protein_coding,-1.17741252959739,0.000585158692832068,0.00302891403546108,-1.1961810641702,0.000507339593620257,0.00193579906073139
ENSG00000100065,CARD10,protein_coding,-1.54121093226015,0.00246941305563414,0.0094850788649742,-1.97425675088081,0.00053045883351769,0.00200258904387475
ENSG00000142327,RNPEPL1,protein_coding,-1.28253967847866,0.00285681257348161,0.0106508343331893,-1.65384085358091,0.000550496381990652,0.00206988850457329
ENSG00000179271,GADD45GIP1,protein_coding,-1.02791791915363,0.00608485609883481,0.0192953311516819,-1.49452771434511,0.000553965714267797,0.00208084413232989
ENSG00000162337,LRP5,protein_coding,-1.27982867768848,0.00426122019454406,0.0145339431954167,-1.77257854628491,0.000563055826676242,0.00210548584213932
ENSG00000105137,SYDE1,protein_coding,-1.12011256996434,0.000379176330666806,0.00214341940882595,-1.05634222065424,0.00058148505904516,0.00216037851798028
ENSG00000182809,CRIP2,protein_coding,-1.72347674685301,0.00287997241822382,0.0107110805556366,-2.23018582400366,0.000590044791469263,0.00218675679767679
ENSG00000177595,PIDD1,protein_coding,-1.62127545334034,0.00280223423575101,0.0104891226515617,-2.0967021217787,0.000594930851884834,0.00220050966944069
ENSG00000179085,DPM3,protein_coding,-1.19678387733981,0.0120777342483368,0.0332442993916852,-2.0476835828105,0.000603323411790801,0.00222605534695227
ENSG00000158373,H2BC5,protein_coding,-1.33729765365712,0.0003038387623073,0.00180902410944489,-1.21618822333692,0.000604360870881062,0.00222863428675776
ENSG00000126458,RRAS,protein_coding,-1.11532087783772,0.00952573726205436,0.0274731505940651,-1.71976570945382,0.000609212540493582,0.00224005985679771
ENSG00000071894,CPSF1,protein_coding,-1.31902600524295,0.00298953302773475,0.0109904036689235,-1.66343195414883,0.000650776896766997,0.00236847373993431
ENSG00000152154,TMEM178A,protein_coding,-1.48953328578036,0.00146853991313125,0.00631784259009368,-1.65990176140799,0.0006544909868004,0.00237737026728177
ENSG00000146540,C7orf50,protein_coding,-1.34873782896407,0.00686192903637732,0.0212116584739852,-2.02349241954199,0.000654389552359386,0.00237737026728177
ENSG00000162076,FLYWCH2,protein_coding,-1.17325459094924,0.00598799417185227,0.0190284583568831,-1.67893897047236,0.000668269834553719,0.00242037768897841
ENSG00000099864,PALM,protein_coding,-1.37197468271589,0.00746864204357919,0.0227769254504919,-2.07265557874318,0.000674030426289545,0.00243770540459135
ENSG00000005206,SPPL2B,protein_coding,-1.29961125419811,0.00178953209250545,0.00739304764085261,-1.49776513484549,0.000685286424156778,0.00247125436539926
ENSG00000275342,PRAG1,protein_coding,-1.087185652938,0.00247452128063596,0.00949982798152913,-1.30925691862988,0.000689868063055434,0.00248538325747244
ENSG00000173801,JUP,protein_coding,-1.03033547601082,0.0035233673525271,0.0125189855172808,-1.28872498075135,0.000708418318914049,0.0025412132225413
ENSG00000172663,TMEM134,protein_coding,-1.00534024918051,0.0102429258578074,0.0291155653415474,-1.55327385386729,0.000716173745699059,0.0025665589862495
ENSG00000125611,CHCHD5,protein_coding,-1.05101434983295,0.0199693694900939,0.0493121655512544,-1.9458867321305,0.000720084273121594,0.00257812199124318
ENSG00000183963,SMTN,protein_coding,-1.09911980643563,0.00157519376512888,0.00666941848548067,-1.21356549609151,0.000772887073994163,0.00273449418243565
ENSG00000206538,VGLL3,protein_coding,-1.44887874241269,0.000847414156211563,0.00404533590186399,-1.46192651211065,0.000778362229357218,0.00274996844239885
ENSG00000107404,DVL1,protein_coding,-1.67370610052526,0.00351351547886408,0.0124958361522754,-2.13404981426233,0.000872794869068897,0.00301849514712159
ENSG00000177700,POLR2L,protein_coding,-1.45855718458523,0.00377980133920615,0.013192316882877,-1.82930057986943,0.000875808335988565,0.00302434506065208
ENSG00000100918,REC8,protein_coding,-1.27734213355771,0.000831510280347585,0.00398987777202097,-1.26355313959853,0.000878325661094543,0.0030302437593727
ENSG00000167657,DAPK3,protein_coding,-1.03384154040809,0.00323247743764075,0.0116568396764224,-1.23260039455302,0.000910310750467339,0.00312476055041264
ENSG00000160360,GPSM1,protein_coding,-1.3760341224246,0.00261702675174621,0.00993992412301171,-1.62236989106016,0.000923897956179704,0.00316559729724885
ENSG00000128311,TST,protein_coding,-1.00742860378594,0.00285097354281651,0.0106372871635598,-1.18102591233425,0.000962695953530489,0.00327754213270153
ENSG00000109736,MFSD10,protein_coding,-1.44463876722571,0.00483801479850034,0.0161052137070078,-1.88326583134554,0.0010244783463188,0.00344426116412391
ENSG00000138798,EGF,protein_coding,-1.69686039267778,0.000634639889958379,0.0032190970989182,-1.56899453826347,0.00103072375341531,0.00346193762918417
ENSG00000128309,MPST,protein_coding,-1.2513907244686,0.00450619520347873,0.0151896498983149,-1.5905898295581,0.0010424134563304,0.00349024442910804
ENSG00000159069,FBXW5,protein_coding,-1.04219633359216,0.0154198848938578,0.0401442258793865,-1.67762766220426,0.00106538916748006,0.0035497174663815
ENSG00000172725,CORO1B,protein_coding,-1.03274330834795,0.0113288714221103,0.0315909333401364,-1.50151401657594,0.00108111171621266,0.00359730197886844
ENSG00000213398,LCAT,protein_coding,-1.32892876530688,0.000808227746966814,0.00390556504824609,-1.26509783349761,0.00110696107512243,0.00367026934602345
ENSG00000103168,TAF1C,protein_coding,-1.02969713135457,0.00208369842858549,0.00837280108911231,-1.10534360472887,0.00125927683185579,0.00409552039539724
ENSG00000106211,HSPB1,protein_coding,-1.48483472121901,0.0117562624806711,0.0325404308870017,-2.08771438684877,0.00133919172071212,0.00431122907824096
ENSG00000177225,GATD1,protein_coding,-1.06113037848968,0.0029656856884933,0.010947750520855,-1.18630023881553,0.00140649678478303,0.00449047779966961
ENSG00000167969,ECI1,protein_coding,-1.31516658645185,0.011388864483653,0.031746406766863,-1.9285340513984,0.00146673157736185,0.00464320351413367
ENSG00000175221,MED16,protein_coding,-1.18781900295398,0.0115309372596889,0.0320351335590022,-1.71828896925673,0.00150977985077155,0.00475736267660031
ENSG00000148677,ANKRD1,protein_coding,-1.04271579204754,0.00302605081112912,0.0110723598316351,-1.13825186091399,0.00154492692409324,0.00485585508244161
ENSG00000164877,MICALL2,protein_coding,-1.30231014525363,0.00411350494611366,0.014148953247562,-1.52428615082145,0.00158794472083093,0.00497228509992628
ENSG00000187244,BCAM,protein_coding,-1.10642326420148,0.0128634134001756,0.0349153082227914,-1.59729259508001,0.00161784850351906,0.00504903553806573
ENSG00000230316,FEZF1-AS1,lncRNA,-1.20620566863643,0.00301600581817975,0.0110409988163081,-1.31411870972698,0.00172902034367624,0.00534220365535675
ENSG00000099904,ZDHHC8,protein_coding,-1.01529179656593,0.00537342717691808,0.0175542912648111,-1.21322530031031,0.00175306735975448,0.00539460744640964
ENSG00000001617,SEMA3F,protein_coding,-1.08008659545413,0.00124310638533524,0.00552245956474552,-1.01721689550656,0.00184094423590213,0.00561656713926963
ENSG00000138080,EMILIN1,protein_coding,-1.19859309941179,0.00757643422385978,0.0230493470092241,-1.52429295963292,0.00192813472602418,0.00583976105860134
ENSG00000180332,KCTD4,protein_coding,-1.14165378657438,0.00161891662924251,0.00680072100562332,-1.1067004711306,0.00195138044245517,0.00589824032041533
ENSG00000071655,MBD3,protein_coding,-1.14095240829151,0.00609828054668643,0.0193297170100217,-1.35235147644635,0.00222340127920415,0.0065771230573614
ENSG00000182154,MRPL41,protein_coding,-1.39632557995164,0.00701655506848317,0.0216182630452237,-1.70255580568864,0.00237611093888703,0.00693842921335824
ENSG00000131584,ACAP3,protein_coding,-1.05880010137477,0.00566936019056615,0.0182168630747921,-1.21069039759827,0.00250972177498863,0.00727188243507345
ENSG00000177133,PRDM16-DT,lncRNA,-1.06597541524137,0.00325968094091031,0.0117379856958741,-1.10748806807547,0.00251836214003887,0.0072912765476966
ENSG00000125968,ID1,protein_coding,-1.43216701944158,0.00372535774732488,0.0130631692544304,-1.52432644435377,0.00256344128444813,0.00739774682259528
ENSG00000164932,CTHRC1,protein_coding,-1.23040160138163,0.00363420108803254,0.0128275995048839,-1.29544579750063,0.00259516512154809,0.00745885907920001
ENSG00000184897,H1-10,protein_coding,-1.13429281703815,0.0203969328622222,0.0499748207844436,-1.70786317358333,0.00263693313833271,0.00755975885520362
ENSG00000276089,,misc_RNA,-2.15752016979361,0.00278855614263406,0.0104588310006655,-2.17058489573703,0.00264872795210758,0.00758660510947832
ENSG00000181029,TRAPPC5,protein_coding,-1.38709770843077,0.0184092321982761,0.046285716403185,-2.09483631442842,0.00265630741752145,0.007595462609252
ENSG00000164897,TMUB1,protein_coding,-1.08145548837601,0.0152884155765815,0.0398990357730297,-1.49021125809119,0.00277143332187624,0.00785396730263075
ENSG00000139631,CSAD,protein_coding,-1.10050786496636,0.00237495723363197,0.00922766523936599,-1.05973892648132,0.00295812597400575,0.00829515669985139
ENSG00000130702,LAMA5,protein_coding,-1.20900960078217,0.0097258912037852,0.0279213971316026,-1.49324025690798,0.00297316056946001,0.00833023256568453
ENSG00000140859,KIFC3,protein_coding,-1.02111301115682,0.00799605185722359,0.0239735043563298,-1.2054185751905,0.00299464412950208,0.00836623816858283
ENSG00000162585,FAAP20,protein_coding,-1.110588382159,0.0176237907217037,0.0447465059340884,-1.56672093705082,0.00301294413609671,0.00840795513389134
ENSG00000163017,ACTG2,protein_coding,-1.15333896025413,0.0128590668573071,0.0349153082227914,-1.43297138642222,0.0036330231597461,0.00978673575477253
ENSG00000134030,CTIF,protein_coding,-1.06905284078169,0.0120815731567646,0.0332442993916852,-1.3308571979233,0.00368093490762092,0.00989953409625876
ENSG00000126603,GLIS2,protein_coding,-1.14365293681715,0.0173541332343912,0.0442117203828538,-1.55466455376521,0.00371487427519258,0.00998364130649171
ENSG00000111186,WNT5B,protein_coding,-1.60650608308818,0.00497599386815429,0.0164912363152547,-1.67986572509887,0.00387272675459992,0.0103393735486538
ENSG00000135480,KRT7,protein_coding,-1.718640040994,0.0143506278020188,0.0379809901897955,-2.26144008000843,0.00393904901745853,0.0104808089309998
ENSG00000100258,LMF2,protein_coding,-1.12951422852072,0.0171042786452941,0.0436494197796433,-1.50139603224242,0.00407589215587509,0.0107705297900446
ENSG00000006016,CRLF1,protein_coding,-1.04534607011533,0.0111744426868901,0.0312650637746757,-1.23654815249856,0.00432993234651332,0.0113237406687796
ENSG00000065054,SLC9A3R2,protein_coding,-1.41853953357831,0.0108267954377159,0.0305089156615846,-1.69700106632073,0.00438560861184422,0.0114453688162764
ENSG00000107281,NPDC1,protein_coding,-1.07101739982232,0.0113036941187697,0.0315324651581323,-1.2718548915727,0.00443488204529322,0.0115498145059966
ENSG00000171345,KRT19,protein_coding,-1.35372036966093,0.0124869820669273,0.0341216693474226,-1.64855956018306,0.00459568949533354,0.011877748212577
ENSG00000177519,RPRM,protein_coding,-1.12144899068213,0.0195394007258634,0.0484763535729436,-1.49709398273985,0.00468500198003502,0.0120669411383983
ENSG00000173465,ZNRD2,protein_coding,-1.31800103918658,0.0147752030515196,0.0388166505983452,-1.61399716381886,0.0055099813857778,0.0138396246074701
ENSG00000276077,,lncRNA,-1.51169645705203,0.00113539583350976,0.00514154461486584,-1.06809682215483,0.00858411884689316,0.0199214558810331
ENSG00000142552,RCN3,protein_coding,-1.05350004942898,0.0137249014553207,0.0367767811775122,-1.15320198822617,0.00861802930038836,0.0199842227430058
ENSG00000145721,LIX1,protein_coding,-1.13791671208331,0.0192363307581247,0.0478989751922718,-1.32614676839412,0.00926648864137591,0.0213006017308108
ENSG00000156466,GDF6,protein_coding,-1.59242513075794,0.0094659326219422,0.0273342348188212,-1.44927111229056,0.0142286843501257,0.0305366320293528
ENSG00000188549,CCDC9B,protein_coding,-1.14510760574688,1.0546337877799e-07,4.21655517178121e-06,NA,NA,NA
ENSG00000205726,ITSN1,protein_coding,-1.07934214949608,3.44451452364617e-07,9.48507859636389e-06,NA,NA,NA
ENSG00000239521,CASTOR3,transcribed_unprocessed_pseudogene,-1.06610775127678,1.13138555476382e-05,0.000140067401738529,NA,NA,NA
ENSG00000121716,PILRB,protein_coding,-1.15324838726448,4.18193625359881e-05,0.000386223212570347,NA,NA,NA
ENSG00000253250,C8orf88,protein_coding,-1.05700233946629,7.1732576860451e-05,0.000584632209667876,NA,NA,NA
ENSG00000243970,PPIEL,transcribed_unprocessed_pseudogene,-1.07366207351202,9.1203914153817e-05,0.000710409320597607,NA,NA,NA
ENSG00000242294,STAG3L5P,transcribed_unprocessed_pseudogene,-1.25332735687794,0.000135645191843629,0.000962104627754526,NA,NA,NA
ENSG00000039650,PNKP,protein_coding,-1.05983922583635,0.000138411057100706,0.000971835207880519,NA,NA,NA
ENSG00000104936,DMPK,protein_coding,-1.32179435204662,0.000142380504733776,0.000993876962214339,NA,NA,NA
ENSG00000169857,AVEN,protein_coding,-1.10360694677514,0.00014848668205035,0.00102787915763135,NA,NA,NA
ENSG00000185499,MUC1,protein_coding,-1.02831745128077,0.000236679097758344,0.00148469551273869,NA,NA,NA
ENSG00000140400,MAN2C1,protein_coding,-1.05228071259936,0.000256976432476051,0.00158025737212284,NA,NA,NA
ENSG00000169992,NLGN2,protein_coding,-1.00818484068235,0.000332976079505072,0.00193182868744616,NA,NA,NA
ENSG00000196123,KIAA0895L,protein_coding,-1.00399350507498,0.000494570936161672,0.0026346630951998,NA,NA,NA
ENSG00000113361,CDH6,protein_coding,-1.02897135947053,0.00100773737212434,0.00465618868288507,NA,NA,NA
ENSG00000172123,SLFN12,protein_coding,-1.01238902500299,0.00132323480595151,0.00580610937116393,NA,NA,NA
ENSG00000102287,GABRE,protein_coding,-1.16440208966201,0.0096249849293375,0.0277121632751334,NA,NA,NA
ENSG00000205670,SMIM11,protein_coding,-1.14391140070946,0.0194052195096808,0.0482073280688255,NA,NA,NA
